City_ID,City,Country,Date,Lat,Lng,Max Temp,Humidity,Cloudiness,Wind Speed
0,Upernavik,GL,2022-07-14 11:46:51,72.7868,-56.1549,38.48,88,30,14.81
1,Rikitea,PF,2022-07-14 11:51:40,-23.1203,-134.9692,68.38,86,100,10.74
2,Sitka,US,2022-07-14 11:51:40,57.0531,-135.33,57.09,67,100,9.22
3,Yeppoon,AU,2022-07-14 11:51:41,-23.1333,150.7333,51.58,62,0,8.46
4,Carnarvon,AU,2022-07-14 11:51:41,-24.8667,113.6333,69.24,77,8,10.98
5,Bethel,US,2022-07-14 11:51:41,41.3712,-73.414,73.53,84,0,3.44
6,Abu Samrah,SY,2022-07-14 11:51:41,35.3029,37.1841,96.89,20,0,17.58
7,Kabale,UG,2022-07-14 11:51:42,-1.2486,29.9899,76.82,33,40,8.57
8,Castro,BR,2022-07-14 11:51:42,-24.7911,-50.0119,54.05,98,100,9.42
9,Busselton,AU,2022-07-14 11:51:42,-33.65,115.3333,58.24,76,7,19.84
10,Antalaha,MG,2022-07-14 11:51:43,-14.9003,50.2788,76.77,62,17,15.57
11,Saint-Philippe,RE,2022-07-14 11:51:43,-21.3585,55.7679,76.59,77,60,11.54
12,Quatre Cocos,MU,2022-07-14 11:51:43,-20.2078,57.7625,75.31,67,64,17.34
13,Mataura,NZ,2022-07-14 11:51:44,-46.1927,168.8643,33.48,98,59,1.99
14,Severo-Kurilsk,RU,2022-07-14 11:51:44,50.6789,156.125,53.49,96,95,6.91
15,Kutum,SD,2022-07-14 11:51:44,14.2,24.6667,85.59,39,50,9.57
16,Vaini,TO,2022-07-14 11:51:45,-21.2,-175.2,75.36,94,2,6.91
17,Kenai,US,2022-07-14 11:51:45,60.5544,-151.2583,53.69,94,100,0.0
18,Ahipara,NZ,2022-07-14 11:51:45,-35.1667,173.1667,54.72,88,100,14.5
19,George,ZA,2022-07-14 11:51:46,-33.963,22.4617,54.95,100,100,12.66
20,Yellowknife,CA,2022-07-14 11:50:52,62.456,-114.3525,55.92,94,75,5.75
21,Georgetown,MY,2022-07-14 11:46:51,5.4112,100.3354,85.95,79,20,3.44
22,Kulhudhuffushi,MV,2022-07-14 11:51:46,6.6221,73.07,82.45,80,93,15.32
23,Huejuquilla El Alto,MX,2022-07-14 11:51:46,22.6,-103.8667,61.03,79,64,2.44
24,Morondava,MG,2022-07-14 11:51:47,-20.2833,44.2833,78.33,52,1,16.51
25,Kruisfontein,ZA,2022-07-14 11:51:47,-34.0033,24.7314,59.88,77,100,17.0
26,Senneterre,CA,2022-07-14 11:51:47,48.3835,-77.2328,55.98,71,73,5.17
27,Isangel,VU,2022-07-14 11:47:55,-19.55,169.2667,75.69,88,17,6.71
28,Magione,IT,2022-07-14 11:51:48,43.1439,12.2069,97.75,19,24,4.14
29,Saint George,US,2022-07-14 11:51:02,37.1041,-113.5841,84.79,33,0,3.44
30,Albany,US,2022-07-14 11:49:47,42.6001,-73.9662,67.93,81,49,4.54
31,Popondetta,PG,2022-07-14 11:51:48,-8.7537,148.2534,72.97,97,55,3.44
32,Jamestown,US,2022-07-14 11:51:49,42.097,-79.2353,66.02,84,0,4.61
33,Dikson,RU,2022-07-14 11:51:49,73.5069,80.5464,43.39,73,31,11.97
34,Ayolas,PY,2022-07-14 11:51:49,-27.4,-56.9,65.16,94,68,10.13
35,Butaritari,KI,2022-07-14 11:51:50,3.0707,172.7902,81.5,83,36,17.6
36,Clyde River,CA,2022-07-14 11:51:50,70.4692,-68.5914,39.43,87,0,4.61
37,Luderitz,NA,2022-07-14 11:51:50,-26.6481,15.1594,73.02,34,0,13.91
38,North Bend,US,2022-07-14 11:51:51,43.4065,-124.2243,57.92,95,100,5.75
39,Kapaa,US,2022-07-14 11:51:51,22.0752,-159.319,77.32,90,75,16.11
40,Egvekinot,RU,2022-07-14 11:51:51,66.3167,-179.1667,48.76,76,100,4.14
41,Avarua,CK,2022-07-14 11:51:31,-21.2078,-159.775,73.45,68,75,8.05
42,Camrose,CA,2022-07-14 11:51:52,53.0168,-112.8353,51.93,88,24,5.66
43,Narsaq,GL,2022-07-14 11:51:46,60.9167,-46.05,50.54,61,100,5.66
44,Punta Arenas,CL,2022-07-14 11:51:23,-53.15,-70.9167,35.71,80,75,10.36
45,Kyabram,AU,2022-07-14 11:51:52,-36.3167,145.05,39.87,82,0,6.98
46,Jalu,LY,2022-07-14 11:51:52,29.0331,21.5482,93.58,20,0,11.14
47,Toamasina,MG,2022-07-14 11:51:53,-18.1667,49.3833,75.2,69,75,3.44
48,Hithadhoo,MV,2022-07-14 11:51:53,-0.6,73.0833,83.52,73,47,14.72
49,Iralaya,HN,2022-07-14 11:51:54,15.0,-83.2333,80.28,80,91,14.34
50,Ketchikan,US,2022-07-14 11:51:43,55.3422,-131.6461,54.07,87,100,13.8
51,Ushuaia,AR,2022-07-14 11:51:54,-54.8,-68.3,29.86,80,0,6.91
52,Boyabat,TR,2022-07-14 11:51:54,41.4689,34.7667,80.62,38,8,11.61
53,Bluff,NZ,2022-07-14 11:51:55,-46.6,168.3333,33.8,80,78,6.6
54,La Ronge,CA,2022-07-14 11:51:55,55.1001,-105.2842,59.22,72,20,4.61
55,Luau,AO,2022-07-14 11:51:55,-10.7073,22.2247,87.93,18,11,2.04
56,Bolobo,CD,2022-07-14 11:51:56,-2.1667,16.2333,92.16,29,54,3.13
57,Thompson,CA,2022-07-14 11:51:56,55.7435,-97.8558,68.16,73,75,5.75
58,Cape Town,ZA,2022-07-14 11:50:03,-33.9258,18.4232,65.1,70,75,5.75
59,Nouadhibou,MR,2022-07-14 11:51:56,20.931,-17.0347,78.78,65,13,19.57
60,Okhotsk,RU,2022-07-14 11:51:56,59.3833,143.3,58.68,98,42,6.04
61,Longyearbyen,SJ,2022-07-14 11:51:57,78.2186,15.6401,57.04,67,0,3.44
62,Spornoye,RU,2022-07-14 11:51:57,50.8448,37.2913,66.88,66,79,12.17
63,East London,ZA,2022-07-14 11:51:57,-33.0153,27.9116,68.94,49,0,19.57
64,Geraldton,AU,2022-07-14 11:51:58,-28.7667,114.6,66.61,55,50,13.8
65,Saint-Augustin,CA,2022-07-14 11:51:58,51.226,-58.6502,60.51,59,20,10.04
66,Behshahr,IR,2022-07-14 11:51:58,36.6923,53.5526,91.35,30,0,8.12
67,Chuy,UY,2022-07-14 11:51:59,-33.6971,-53.4616,54.57,92,79,10.33
68,Hobart,AU,2022-07-14 11:50:57,-42.8794,147.3294,48.06,93,75,0.0
69,Whitehorse,CA,2022-07-14 11:51:59,60.7161,-135.0538,48.97,93,100,2.3
70,Katobu,ID,2022-07-14 11:51:59,-4.9408,122.5276,74.59,84,94,4.74
71,Lorengau,PG,2022-07-14 11:52:00,-2.0226,147.2712,81.9,75,100,3.6
72,Mount Isa,AU,2022-07-14 11:52:00,-20.7333,139.5,55.17,30,6,6.91
73,Tibati,CM,2022-07-14 11:52:00,6.4667,12.6333,78.12,74,91,0.94
74,Husavik,IS,2022-07-14 11:52:01,66.0449,-17.3389,49.44,76,99,0.67
75,Vallenar,CL,2022-07-14 11:52:01,-28.5708,-70.7581,50.34,84,100,7.61
76,Barrow,US,2022-07-14 11:50:38,71.2906,-156.7887,33.82,86,100,6.91
77,Puerto Ayora,EC,2022-07-14 11:50:18,-0.7393,-90.3518,69.55,93,92,8.99
78,Guerrero Negro,MX,2022-07-14 11:52:02,27.9769,-114.0611,62.89,93,9,10.07
79,Bubaque,GW,2022-07-14 11:52:02,11.2833,-15.8333,79.09,85,100,11.01
80,Homer,US,2022-07-14 11:52:02,59.6425,-151.5483,58.87,86,100,4.0
81,Salalah,OM,2022-07-14 11:47:49,17.0151,54.0924,82.49,78,75,11.5
82,Khatanga,RU,2022-07-14 11:52:03,71.9667,102.5,52.03,64,99,4.76
83,Cabo San Lucas,MX,2022-07-14 11:52:03,22.8909,-109.9124,85.51,58,20,8.79
84,Cidreira,BR,2022-07-14 11:47:17,-30.1811,-50.2056,56.61,92,99,12.19
85,Codrington,AU,2022-07-14 11:52:03,-38.2667,141.9667,45.75,95,33,8.05
86,Phuket,TH,2022-07-14 11:52:04,8.0,98.25,86.09,79,20,10.36
87,Hilo,US,2022-07-14 11:52:04,19.7297,-155.09,74.28,100,100,4.61
88,Igrim,RU,2022-07-14 11:52:04,63.1906,64.4162,82.54,46,68,1.41
89,Varzea Grande,BR,2022-07-14 11:50:49,-15.6467,-56.1325,64.27,94,0,8.05
90,Vardo,NO,2022-07-14 11:52:05,70.3705,31.1107,57.18,88,0,3.44
91,Grand Gaube,MU,2022-07-14 11:52:05,-20.0064,57.6608,75.6,65,45,11.99
92,Mar Del Plata,AR,2022-07-14 11:47:47,-38.0023,-57.5575,50.09,90,0,15.99
93,Hobyo,SO,2022-07-14 11:52:06,5.3505,48.5268,82.53,67,87,28.41
94,Port Elizabeth,ZA,2022-07-14 11:50:16,-33.918,25.5701,62.1,74,75,19.57
95,Kirovskiy,RU,2022-07-14 11:52:06,45.0917,133.5136,64.31,94,100,9.66
96,Muroto,JP,2022-07-14 11:52:07,33.2833,134.15,76.78,90,53,4.54
97,Saravan,AM,2022-07-14 11:52:07,39.7196,45.6483,82.98,34,0,9.35
98,Ponta Do Sol,PT,2022-07-14 11:52:07,32.6667,-17.1,80.01,70,1,5.32
99,Omboue,GA,2022-07-14 11:52:07,-1.5746,9.2618,79.5,63,30,11.32
100,Klaksvik,FO,2022-07-14 11:52:08,62.2266,-6.589,52.72,83,95,7.54
101,Hofn,IS,2022-07-14 11:50:15,64.2539,-15.2082,53.62,76,20,10.36
102,Port-Cartier,CA,2022-07-14 11:52:08,50.0334,-66.8654,59.76,59,6,0.89
103,Lavrentiya,RU,2022-07-14 11:52:08,65.5833,-171.0,49.08,69,65,4.9
104,Pevek,RU,2022-07-14 11:52:09,69.7008,170.3133,34.14,86,23,16.64
105,Havre-Saint-Pierre,CA,2022-07-14 11:52:09,50.2334,-63.5986,55.76,82,0,5.75
106,Porto Belo,BR,2022-07-14 11:52:09,-27.1578,-48.5531,61.25,96,100,8.39
107,Port Alfred,ZA,2022-07-14 11:52:10,-33.5906,26.891,63.18,67,99,8.99
108,Tasiilaq,GL,2022-07-14 11:52:10,65.6145,-37.6368,40.91,72,12,4.99
109,Kavieng,PG,2022-07-14 11:52:10,-2.5744,150.7967,80.11,77,100,5.53
110,Maragogi,BR,2022-07-14 11:52:11,-9.0122,-35.2225,79.05,70,22,10.56
111,Otane,NZ,2022-07-14 11:52:11,-39.8833,176.6333,50.02,97,100,8.16
112,Pontes E Lacerda,BR,2022-07-14 11:52:11,-15.2261,-59.3353,73.49,47,86,2.98
113,Sikasso,ML,2022-07-14 11:52:12,10.9167,-7.0,92.7,45,90,3.06
114,Padang,ID,2022-07-14 11:52:12,-0.9492,100.3543,80.65,87,100,3.0
115,Saskylakh,RU,2022-07-14 11:52:12,71.9167,114.0833,44.11,86,100,8.12
116,Nikolskoye,RU,2022-07-14 11:52:13,59.7035,30.7861,67.71,70,82,10.29
117,Port Hardy,CA,2022-07-14 11:52:13,50.6996,-127.4199,53.78,94,100,3.44
118,Bulgan,MN,2022-07-14 11:52:13,48.8125,103.5347,63.05,71,55,5.35
119,Hualmay,PE,2022-07-14 11:52:14,-11.0964,-77.6139,58.96,85,69,9.82
120,Inyonga,TZ,2022-07-14 11:52:14,-6.7167,32.0667,85.3,20,7,5.48
121,Fort Nelson,CA,2022-07-14 11:50:24,58.8053,-122.7002,47.79,87,40,5.75
122,Korla,CN,2022-07-14 11:52:14,41.7597,86.1469,87.15,24,99,14.05
123,Mocuba,MZ,2022-07-14 11:52:15,-16.8392,36.9856,78.04,48,0,4.68
124,Henties Bay,NA,2022-07-14 11:50:30,-22.116,14.2845,63.86,66,0,11.88
125,Saldanha,ZA,2022-07-14 11:52:15,-33.0117,17.9442,59.05,83,55,8.5
126,Howard Springs,AU,2022-07-14 11:52:15,-12.497,131.047,66.11,74,6,4.23
127,Andenes,NO,2022-07-14 11:52:16,69.3143,16.1194,53.58,94,100,14.97
128,Osoyoos,CA,2022-07-14 11:52:16,49.0331,-119.4524,63.01,51,20,3.44
129,Faanui,PF,2022-07-14 11:52:16,-16.4833,-151.75,78.4,69,7,21.97
130,Maltahohe,NA,2022-07-14 11:52:17,-24.8333,16.9833,69.67,18,0,10.94
131,Broome,US,2022-07-14 11:52:17,42.2506,-75.833,64.65,95,100,4.61
132,Hermanus,ZA,2022-07-14 11:51:39,-34.4187,19.2345,60.8,75,56,9.82
133,Roros,NO,2022-07-14 11:52:17,62.5747,11.3842,48.04,71,75,12.66
134,Victoria,HK,2022-07-14 11:49:04,22.2855,114.1577,90.18,75,95,8.01
135,Planadas,CO,2022-07-14 11:52:18,3.197,-75.6451,64.83,85,63,3.62
136,Igarka,RU,2022-07-14 11:52:18,67.4667,86.5833,61.21,45,86,4.76
137,Qaanaaq,GL,2022-07-14 11:52:18,77.484,-69.3632,41.86,90,95,7.85
138,Arraial Do Cabo,BR,2022-07-14 11:47:36,-22.9661,-42.0278,71.56,88,40,4.61
139,Sao Filipe,CV,2022-07-14 11:52:19,14.8961,-24.4956,74.07,79,36,8.21
140,Pisco,PE,2022-07-14 11:52:19,-13.7,-76.2167,53.02,87,13,0.0
141,Sao Joao Da Barra,BR,2022-07-14 11:52:20,-21.6403,-41.0511,71.69,78,15,3.74
142,Nanortalik,GL,2022-07-14 11:52:20,60.1432,-45.2371,46.74,94,100,20.45
143,Ishigaki,JP,2022-07-14 11:52:20,24.3448,124.1572,84.33,89,20,10.36
144,Khawhai,IN,2022-07-14 11:52:20,23.3667,93.1167,68.43,89,69,1.57
145,Zastron,ZA,2022-07-14 11:52:21,-30.3023,27.084,57.45,19,0,6.58
146,Pouebo,NC,2022-07-14 11:52:21,-20.4,164.5667,69.04,63,94,8.93
147,Bandundu,CD,2022-07-14 11:52:21,-3.3167,17.3667,98.38,19,57,4.59
148,Sinnamary,GF,2022-07-14 11:52:22,5.3833,-52.95,78.24,88,99,11.45
149,Manbij,SY,2022-07-14 11:52:22,36.5281,37.9549,102.63,8,0,9.04
150,Tongliao,CN,2022-07-14 11:52:22,43.6125,122.2653,67.51,89,71,2.71
151,Lompoc,US,2022-07-14 11:52:23,34.6391,-120.4579,58.59,94,100,1.99
152,Hurghada,EG,2022-07-14 11:52:23,27.2574,33.8129,91.44,35,0,20.71
153,Roura,GF,2022-07-14 11:52:23,4.7263,-52.3274,77.97,94,75,2.3
154,Larsnes,NO,2022-07-14 11:52:24,62.2028,5.5773,56.01,80,100,6.35
155,Bredasdorp,ZA,2022-07-14 11:52:24,-34.5322,20.0403,60.94,65,75,11.99
156,Raychikhinsk,RU,2022-07-14 11:52:24,49.7838,129.4121,67.69,92,7,6.46
157,Zeya,RU,2022-07-14 11:52:24,53.75,127.2667,69.85,73,80,4.68
158,Burnie,AU,2022-07-14 11:52:25,-41.0667,145.9167,47.95,82,71,6.78
159,Katsuura,JP,2022-07-14 11:52:25,35.1333,140.3,74.75,93,100,8.19
160,Beyneu,KZ,2022-07-14 11:52:26,45.3167,55.2,102.67,8,2,12.64
161,Bereda,ES,2022-07-14 11:52:26,43.2686,-7.5406,99.41,56,48,6.15
162,Kodinsk,RU,2022-07-14 11:52:26,58.6881,99.1844,61.36,57,75,5.35
163,Macau,MO,2022-07-14 11:52:26,22.2006,113.5461,85.8,79,20,8.05
164,Puri,IN,2022-07-14 11:52:27,19.8,85.85,82.92,74,100,9.64
165,Norwich,GB,2022-07-14 11:52:27,52.6278,1.2983,74.35,56,40,10.36
166,Agadez,NE,2022-07-14 11:52:27,19.75,10.25,101.43,11,28,10.78
167,Ranot,TH,2022-07-14 11:52:28,7.7777,100.3213,80.15,77,99,11.68
168,Nantucket,US,2022-07-14 11:50:57,41.2835,-70.0995,70.09,94,0,0.0
169,Ryotsu,JP,2022-07-14 11:52:28,38.0833,138.4333,75.36,88,100,6.98
170,Eyl,SO,2022-07-14 11:52:28,7.9803,49.8164,93.54,41,87,29.12
171,Caxias,PT,2022-07-14 11:52:29,38.7031,-9.2767,87.62,60,20,9.22
172,College,US,2022-07-14 11:51:31,64.8569,-147.8028,51.28,79,40,0.0
173,Anito,PH,2022-07-14 11:52:29,12.4497,125.2886,80.56,85,67,5.3
174,Livramento,BR,2022-07-14 11:52:30,-3.0254,-60.1803,79.47,94,0,0.0
175,Tual,ID,2022-07-14 11:52:30,-5.6667,132.75,79.23,77,97,23.4
176,Atuona,PF,2022-07-14 11:52:30,-9.8,-139.0333,77.23,71,8,17.58
177,Springbok,ZA,2022-07-14 11:52:31,-29.6643,17.8865,63.1,30,0,3.85
178,Varhaug,NO,2022-07-14 11:52:31,58.6147,5.6457,56.86,67,100,23.69
179,Afrikanda,RU,2022-07-14 11:52:31,67.4429,32.7828,58.91,99,100,4.5
180,Shingu,JP,2022-07-14 11:52:31,33.7333,135.9833,74.53,91,92,1.48
181,Vanavara,RU,2022-07-14 11:52:32,60.34,102.2797,57.25,82,100,2.91
182,Aswan,EG,2022-07-14 11:52:32,24.0934,32.907,103.3,19,0,10.36
183,Faranah,GN,2022-07-14 11:52:32,10.0404,-10.7434,79.38,73,100,5.86
184,Kralendijk,BQ,2022-07-14 11:52:33,12.15,-68.2667,80.58,78,0,9.22
185,Mahebourg,MU,2022-07-14 11:52:33,-20.4081,57.7,75.49,64,75,13.8
186,Norman Wells,CA,2022-07-14 11:52:33,65.282,-126.8329,51.84,87,100,14.97
187,Puerto Ayacucho,VE,2022-07-14 11:52:34,5.6639,-67.6236,74.84,92,70,1.52
188,Dudinka,RU,2022-07-14 11:52:34,69.4058,86.1778,65.62,50,90,9.53
189,Medvedka,RU,2022-07-14 11:52:34,61.1629,46.387,77.5,51,85,5.79
190,Malazgirt,TR,2022-07-14 11:52:35,39.1427,42.5401,92.73,15,0,3.87
191,Biak,ID,2022-07-14 11:52:35,-0.9131,122.8766,74.1,92,100,5.1
192,Sechura,PE,2022-07-14 11:52:35,-5.5569,-80.8222,63.27,77,94,14.32
193,Maningrida,AU,2022-07-14 11:52:36,-12.0667,134.2667,69.21,62,89,16.06
194,Nago,JP,2022-07-14 11:52:36,26.5881,127.9761,82.62,89,100,7.7
195,Berlevag,NO,2022-07-14 11:52:37,70.8578,29.0864,73.2,87,75,6.91
196,Baruun-Urt,MN,2022-07-14 11:52:37,46.6806,113.2792,71.76,44,63,7.27
197,Maymyo,MM,2022-07-14 11:52:37,22.0333,96.4667,72.84,85,87,2.21
198,Tuktoyaktuk,CA,2022-07-14 11:52:38,69.4541,-133.0374,34.68,96,100,23.02
199,Toora-Khem,RU,2022-07-14 11:52:38,52.4675,96.11,52.74,84,100,4.88
200,Havoysund,NO,2022-07-14 11:52:38,70.9963,24.6622,62.83,91,100,2.86
201,Tongren,CN,2022-07-14 11:52:38,27.7172,109.1853,84.47,71,65,3.29
202,Raudeberg,NO,2022-07-14 11:52:39,61.9875,5.1352,52.47,72,99,9.17
203,Itarema,BR,2022-07-14 11:52:39,-2.9248,-39.9167,81.32,66,11,15.55
204,Chester,US,2022-07-14 11:52:39,40.1254,-75.8749,73.22,87,0,4.61
205,Kilindoni,TZ,2022-07-14 11:52:40,-7.9139,39.6668,76.93,73,62,13.87
206,Dusetos,LT,2022-07-14 11:52:40,55.75,25.85,69.58,50,15,13.33
207,Naze,JP,2022-07-14 11:52:40,28.3667,129.4833,81.52,87,81,7.02
208,Dicabisagan,PH,2022-07-14 11:52:41,17.0818,122.4157,82.0,87,43,7.54
209,Half Moon Bay,US,2022-07-14 11:52:41,37.4636,-122.4286,62.33,90,100,8.05
210,Esperance,AU,2022-07-14 11:52:42,-33.8667,121.9,60.28,91,100,14.27
211,Nishihara,JP,2022-07-14 11:52:42,26.1842,127.7558,83.48,89,75,8.05
212,Mocorito,MX,2022-07-14 11:52:42,25.4833,-107.9167,76.21,79,95,1.72
213,Nizhnevartovsk,RU,2022-07-14 11:52:42,60.9344,76.5531,66.22,63,0,2.24
214,Tazovskiy,RU,2022-07-14 11:52:43,67.4667,78.7,61.97,49,67,8.3
215,Martapura,ID,2022-07-14 11:52:43,-3.4167,114.85,80.69,83,20,4.61
216,Narasannapeta,IN,2022-07-14 11:52:43,18.4167,84.05,81.91,75,94,9.64
217,Aripuana,BR,2022-07-14 11:52:44,-9.1667,-60.6333,74.79,54,31,1.7
218,Miri,MY,2022-07-14 11:48:55,4.4148,114.0089,82.54,83,40,4.61
219,Palasa,IN,2022-07-14 11:52:44,18.7667,84.4167,82.06,75,92,9.19
220,Taloda,IN,2022-07-14 11:52:44,21.5667,74.2167,82.99,80,100,13.62
221,Laguna,US,2022-07-14 11:52:45,38.421,-121.4238,68.18,81,0,6.91
222,Karratha,AU,2022-07-14 11:52:45,-20.7377,116.8463,68.38,59,39,6.98
223,Flin Flon,CA,2022-07-14 11:52:45,54.7682,-101.865,69.64,73,75,9.22
224,Rio Gallegos,AR,2022-07-14 11:52:46,-51.6226,-69.2181,24.85,93,40,4.61
225,Santa Cruz,BO,2022-07-14 11:52:46,-17.8,-63.1667,71.65,73,75,17.27
226,Armidale,AU,2022-07-14 11:52:46,-30.5167,151.65,36.16,95,71,3.62
227,Asau,RO,2022-07-14 11:52:47,46.4333,26.4,85.28,49,57,5.5
228,Ewa Beach,US,2022-07-14 11:52:47,21.3156,-158.0072,78.75,71,0,15.01
229,Port Antonio,JM,2022-07-14 11:52:47,18.18,-76.4612,81.0,80,74,3.06
230,Shorapani,GE,2022-07-14 11:52:48,42.0898,43.0866,74.97,80,86,8.3
231,Nome,US,2022-07-14 11:52:48,64.5011,-165.4064,44.67,100,40,0.0
232,Axim,GH,2022-07-14 11:52:48,4.8699,-2.2405,77.13,82,100,10.38
233,Chokurdakh,RU,2022-07-14 11:52:49,70.6333,147.9167,47.7,54,99,10.89
234,Moscow,RU,2022-07-14 11:48:15,55.7522,37.6156,73.83,45,99,4.85
235,Aklavik,CA,2022-07-14 11:52:49,68.2191,-135.0107,36.86,84,100,18.81
236,Aberdeen,GB,2022-07-14 11:51:35,57.1437,-2.0981,63.5,63,20,4.61
237,Tuatapere,NZ,2022-07-14 11:50:21,-46.1333,167.6833,37.44,89,54,3.31
238,Lagoa,PT,2022-07-14 11:52:49,39.05,-27.9833,69.4,92,100,12.08
239,Souillac,MU,2022-07-14 11:52:50,-20.5167,57.5167,75.58,64,75,13.8
240,Cherskiy,RU,2022-07-14 11:52:50,68.75,161.3,38.01,77,1,14.18
241,Mitu,CO,2022-07-14 11:52:50,1.1983,-70.1733,71.56,97,98,0.38
242,Lebork,PL,2022-07-14 11:52:51,54.5392,17.7501,65.75,54,65,16.46
243,Skjervoy,NO,2022-07-14 11:52:51,70.0311,20.9714,64.4,91,99,5.53
244,Coquimbo,CL,2022-07-14 11:48:28,-29.9533,-71.3436,53.33,100,100,18.41
245,Abay,KZ,2022-07-14 11:52:52,49.6311,72.8539,82.78,18,0,5.73
246,Malanje,AO,2022-07-14 11:52:52,-9.5402,16.341,84.51,18,0,5.19
247,Sheopur,IN,2022-07-14 11:52:52,25.6667,76.7,96.42,42,80,8.05
248,Christchurch,NZ,2022-07-14 11:49:55,-43.5333,172.6333,41.47,87,75,3.44
249,Alofi,NU,2022-07-14 11:52:53,-19.0595,-169.9187,75.09,83,92,9.22
250,Krasnyy Chikoy,RU,2022-07-14 11:52:53,50.3643,108.7512,66.13,76,92,3.58
251,Leningradskiy,RU,2022-07-14 11:52:53,69.3833,178.4167,33.42,90,95,8.72
252,Chekalin,RU,2022-07-14 11:52:54,54.0969,36.245,67.78,69,94,8.25
253,Mega,ET,2022-07-14 11:52:54,4.05,38.3,71.13,48,100,18.77
254,Tiksi,RU,2022-07-14 11:52:54,71.6872,128.8694,40.6,86,92,8.88
255,Riachao Das Neves,BR,2022-07-14 11:52:55,-11.7461,-44.91,77.5,49,17,7.05
256,Chontalpa,MX,2022-07-14 11:52:55,17.7,-93.5167,73.71,97,98,1.68
257,Bambous Virieux,MU,2022-07-14 11:52:55,-20.3428,57.7575,75.45,64,75,13.8
258,Kodiak,US,2022-07-14 11:52:56,57.79,-152.4072,54.91,82,100,3.44
259,Meulaboh,ID,2022-07-14 11:52:56,4.1363,96.1285,81.19,82,9,9.4
260,Udachnyy,RU,2022-07-14 11:52:56,66.4167,112.4,62.46,51,100,5.91
261,Ostrow Mazowiecka,PL,2022-07-14 11:52:57,52.8024,21.8951,77.63,38,54,14.25
262,Marsh Harbour,BS,2022-07-14 11:52:57,26.5412,-77.0636,82.35,72,50,15.28
263,Rawson,AR,2022-07-14 11:50:51,-43.3002,-65.1023,43.68,68,100,10.56
264,Tiznit,MA,2022-07-14 11:52:57,29.5833,-9.5,99.61,14,0,1.1
265,Pasighat,IN,2022-07-14 11:52:58,28.0667,95.3333,89.44,73,4,0.45
266,Bindi,SL,2022-07-14 11:52:58,9.9167,-11.45,79.41,79,98,5.14
267,Ampanihy,MG,2022-07-14 11:52:58,-24.7,44.75,82.27,22,0,5.39
268,Takaka,NZ,2022-07-14 11:52:59,-40.85,172.8,50.56,88,100,4.92
269,Nizwa,OM,2022-07-14 11:52:59,22.9333,57.5333,89.91,48,91,6.33
270,Gambela,ET,2022-07-14 11:52:59,8.25,34.5833,82.45,65,100,0.83
271,Chunhuhub,MX,2022-07-14 11:52:59,19.55,-88.6833,74.59,98,96,3.27
272,Mount Gambier,AU,2022-07-14 11:52:33,-37.8333,140.7667,48.11,100,100,9.22
273,Tailai,CN,2022-07-14 11:53:00,46.3833,123.4,64.81,94,100,13.09
274,Lebu,CL,2022-07-14 11:53:00,-37.6167,-73.65,40.73,85,86,11.03
275,Comodoro Rivadavia,AR,2022-07-14 11:53:01,-45.8667,-67.5,35.46,87,75,8.05
276,Kapit,MY,2022-07-14 11:53:01,2.0167,112.9333,75.79,89,98,1.92
277,George Town,MY,2022-07-14 11:53:01,5.4112,100.3354,85.95,79,20,3.44
278,Srandakan,ID,2022-07-14 11:53:02,-7.9386,110.2506,78.04,87,100,10.36
279,Anadyr,RU,2022-07-14 11:53:02,64.75,177.4833,52.3,100,75,2.24
280,Bathsheba,BB,2022-07-14 11:53:03,13.2167,-59.5167,84.81,89,20,13.8
281,Berbera,SO,2022-07-14 11:53:03,10.4396,45.0143,96.12,39,97,16.75
282,Ejido,VE,2022-07-14 11:53:03,8.5514,-71.2375,69.37,55,53,4.21
283,Ribeira Grande,PT,2022-07-14 11:53:03,38.5167,-28.7,77.4,65,20,4.61
284,Sorong,ID,2022-07-14 11:53:04,-0.8833,131.25,78.66,89,100,9.98
285,Nemuro,JP,2022-07-14 11:49:01,43.3236,145.575,60.66,90,100,10.38
286,Kshenskiy,RU,2022-07-14 11:53:04,51.8408,37.7136,68.81,64,68,9.17
287,Teknaf,BD,2022-07-14 11:53:05,20.8624,92.3058,83.07,81,45,14.34
288,Kahului,US,2022-07-14 11:53:05,20.8947,-156.47,77.85,79,0,14.97
289,Calama,CL,2022-07-14 11:48:36,-22.4667,-68.9333,45.09,23,44,12.66
290,Haines Junction,CA,2022-07-14 11:53:05,60.7522,-137.5108,48.15,81,26,1.14
291,Sumbe,AO,2022-07-14 11:53:06,-11.2061,13.8437,75.76,70,33,10.76
292,Mityana,UG,2022-07-14 11:53:06,0.4175,32.0228,84.69,27,88,7.74
293,Alta,NO,2022-07-14 11:48:50,69.9689,23.2717,61.86,84,40,9.22
294,Sayla,IN,2022-07-14 11:53:06,22.55,71.4667,83.5,75,95,1.52
295,Ossora,RU,2022-07-14 11:53:07,59.2353,163.0719,64.74,77,40,2.57
296,Stabat,ID,2022-07-14 11:53:07,3.761,98.4513,84.4,93,79,1.86
297,Findhorn,GB,2022-07-14 11:53:07,57.6572,-3.6085,60.1,86,75,6.91
298,Gosainganj,IN,2022-07-14 11:49:30,26.5833,82.3833,101.98,33,74,19.89
299,Nikolayevsk-Na-Amure,RU,2022-07-14 11:53:08,53.1406,140.73,62.2,94,23,4.59
300,Coihaique,CL,2022-07-14 11:53:08,-45.5752,-72.0662,29.01,93,20,2.3
301,Airai,TL,2022-07-14 11:53:08,-8.9266,125.4092,56.05,88,81,3.65
302,Torbay,CA,2022-07-14 11:53:09,47.6666,-52.7314,70.88,83,75,18.41
303,Charters Towers,AU,2022-07-14 11:52:04,-20.1,146.2667,50.49,49,2,9.33
304,Mecca,SA,2022-07-14 11:53:09,21.4267,39.8261,105.08,17,85,20.78
305,Chilca,PE,2022-07-14 11:53:09,-12.5211,-76.7372,58.19,83,91,2.28
306,Ilulissat,GL,2022-07-14 11:53:10,69.2167,-51.1,39.99,60,28,7.02
307,Santa Elena,EC,2022-07-14 11:53:10,-2.2333,-80.85,67.55,88,100,8.05
308,Groningen,NL,2022-07-14 11:53:10,53.25,6.75,69.22,63,40,10.36
309,Monastyrshchina,RU,2022-07-14 11:53:11,54.3496,31.838,66.47,70,95,8.84
310,Weligama,LK,2022-07-14 11:53:11,5.9667,80.4167,80.65,79,32,13.18
311,Touros,BR,2022-07-14 11:53:11,-5.1989,-35.4608,79.32,78,47,14.45
312,Waingapu,ID,2022-07-14 11:53:12,-9.6567,120.2641,73.92,82,29,10.22
313,Bilibino,RU,2022-07-14 11:48:45,68.0546,166.4372,51.15,62,55,5.57
314,Toguchin,RU,2022-07-14 11:53:12,55.2353,84.3858,63.77,61,97,4.41
315,Bulungu,CD,2022-07-14 11:53:12,-4.55,18.6,100.9,15,30,2.55
316,Madera,US,2022-07-14 11:53:13,37.1666,-119.8343,80.24,39,0,3.22
317,Tuy Hoa,VN,2022-07-14 11:53:13,13.0833,109.3,80.28,88,99,7.34
318,San Cristobal,VE,2022-07-14 11:53:13,7.7669,-72.225,64.58,74,39,2.53
319,Port Blair,IN,2022-07-14 11:53:14,11.6667,92.75,81.18,84,100,19.57
320,Camaguey,CU,2022-07-14 11:53:14,21.3808,-77.9169,75.85,87,0,8.12
321,Filingue,NE,2022-07-14 11:53:14,14.3521,3.3168,95.31,38,29,10.76
322,Ballina,AU,2022-07-14 11:53:15,-28.8667,153.5667,55.02,78,99,17.45
323,Kathmandu,NP,2022-07-14 11:53:15,27.7167,85.3167,77.22,83,75,3.44
324,Whitianga,NZ,2022-07-14 11:53:15,-36.8333,175.7,53.96,95,100,16.87
325,Zhigansk,RU,2022-07-14 11:53:16,66.7697,123.3711,67.57,79,92,2.86
326,Lasa,IT,2022-07-14 11:53:16,46.6166,10.7002,81.48,46,95,1.99
327,Sars,RU,2022-07-14 11:53:16,56.5502,57.1366,74.46,77,62,7.74
328,Kushmurun,KZ,2022-07-14 11:53:17,52.4503,64.6311,85.82,35,0,5.3
329,Takikawa,JP,2022-07-14 11:53:17,43.5528,141.9064,70.02,94,77,5.19
330,Ulladulla,AU,2022-07-14 11:53:17,-35.35,150.4667,49.41,73,40,9.95
331,Kostomuksha,RU,2022-07-14 11:53:18,64.571,30.5767,73.49,36,100,12.75
332,Mimarsinan,TR,2022-07-14 11:53:18,41.0032,28.5377,83.79,45,0,20.18
333,Dingle,PH,2022-07-14 11:53:18,10.9995,122.6711,77.49,90,39,2.66
334,Rabo De Peixe,PT,2022-07-14 11:53:19,37.8,-25.5833,72.28,81,40,10.36
335,Turukhansk,RU,2022-07-14 11:53:19,65.8167,87.9833,63.0,42,80,3.51
336,Peniche,PT,2022-07-14 11:53:19,39.3558,-9.3811,73.06,74,87,11.1
337,Tandil,AR,2022-07-14 11:53:19,-37.3217,-59.1332,41.68,86,98,8.39
338,New Norfolk,AU,2022-07-14 11:53:20,-42.7826,147.0587,47.7,89,99,2.59
339,Xining,CN,2022-07-14 11:53:20,36.6167,101.7667,67.68,80,94,6.08
340,Tsabong,BW,2022-07-14 11:53:20,-26.0217,22.401,72.61,19,0,4.38
341,Lexington,US,2022-07-14 11:50:18,37.9887,-84.4777,68.29,84,40,0.0
342,Alghero,IT,2022-07-14 11:53:21,40.5589,8.3181,86.09,62,20,11.5
343,Chibuto,MZ,2022-07-14 11:53:21,-24.6867,33.5306,81.5,29,0,4.97
344,Namibe,AO,2022-07-14 11:53:22,-15.1961,12.1522,71.4,72,6,11.03
345,Santa Cruz Del Sur,CU,2022-07-14 11:53:22,20.7147,-77.9956,76.91,86,26,12.59
346,Two Rivers,US,2022-07-14 11:53:22,44.1539,-87.5693,60.98,88,29,1.01
347,Itapirapua,BR,2022-07-14 11:53:23,-15.8233,-50.6133,79.57,33,79,8.12
348,Ginda,IN,2022-07-14 11:53:23,30.6945,78.4932,71.42,82,72,3.36
349,Basco,PH,2022-07-14 11:53:23,20.4487,121.9702,85.14,74,81,17.94
350,Kenitra,MA,2022-07-14 11:53:23,34.261,-6.5802,81.36,30,2,8.12
351,Emilio Carranza,MX,2022-07-14 11:53:24,19.9711,-96.6114,76.69,72,75,4.25
352,Linhares,BR,2022-07-14 11:49:32,-19.3911,-40.0722,74.28,74,63,5.93
353,Pingzhuang,CN,2022-07-14 11:53:24,42.0372,119.2889,75.16,42,1,4.56
354,Timmins,CA,2022-07-14 11:51:21,48.4669,-81.3331,49.82,93,20,3.44
355,Provideniya,RU,2022-07-14 11:51:43,64.3833,-173.3,51.48,66,100,4.61
356,Nhulunbuy,AU,2022-07-14 11:53:25,-12.2333,136.7667,72.21,64,40,13.8
357,Hasaki,JP,2022-07-14 11:51:34,35.7333,140.8333,73.8,90,100,12.41
358,Tura,IN,2022-07-14 11:53:25,25.5198,90.2201,84.4,83,18,0.38
359,Santa Fe,AR,2022-07-14 11:53:26,-31.6333,-60.7,53.01,89,72,3.0
360,Fairbanks,US,2022-07-14 11:52:34,64.8378,-147.7164,51.3,82,40,1.01
361,Foam Lake,CA,2022-07-14 11:53:26,51.65,-103.5343,66.22,91,94,5.26
362,Adrar,MR,2022-07-14 11:53:26,20.5022,-10.0711,103.21,19,42,9.51
363,Tortoli,IT,2022-07-14 11:53:27,39.9256,9.6572,86.95,43,0,9.95
364,Borba,BR,2022-07-14 11:53:27,-4.3878,-59.5939,79.81,70,50,1.54
365,Beringovskiy,RU,2022-07-14 11:53:27,63.05,179.3167,48.07,98,100,6.2
366,Disna,BY,2022-07-14 11:53:28,55.568,28.1971,67.5,75,80,12.82
367,Yumen,CN,2022-07-14 11:53:28,40.2833,97.2,70.63,48,100,8.05
368,Beira,MZ,2022-07-14 11:53:28,-19.8436,34.8389,77.09,57,0,9.22
369,Wanning,CN,2022-07-14 11:53:28,18.8003,110.3967,81.45,89,85,6.17
370,Hwange,ZW,2022-07-14 11:53:29,-18.3693,26.5019,80.02,22,17,4.27
371,Kumluca,TR,2022-07-14 11:53:29,36.3703,30.2869,89.24,48,0,10.2
372,Klyuchi,RU,2022-07-14 11:53:29,52.2667,79.1667,71.87,50,77,3.27
373,Hovd,MN,2022-07-14 11:53:30,48.0056,91.6419,60.78,53,66,15.61
374,Placetas,CU,2022-07-14 11:53:30,22.3119,-79.6533,74.23,90,53,4.9
375,Flinders,AU,2022-07-14 11:53:31,-34.5833,150.8552,50.18,77,37,5.99
376,Karlstad,SE,2022-07-14 11:53:31,59.3793,13.5036,64.96,39,20,9.22
377,Sangar,RU,2022-07-14 11:53:31,63.9242,127.4739,62.1,96,100,1.99
378,Kieta,PG,2022-07-14 11:53:31,-6.2167,155.6333,79.7,82,97,4.83
379,Kovur,IN,2022-07-14 11:53:32,14.4833,79.9833,88.74,48,99,21.99
380,Moron,AR,2022-07-14 11:53:32,-34.6534,-58.6198,51.96,88,66,7.49
381,Kavaratti,IN,2022-07-14 11:53:32,10.5669,72.642,81.5,83,93,21.14
382,San Rafael,AR,2022-07-14 11:53:33,-34.6177,-68.3301,36.3,60,10,6.29
383,Burla,IN,2022-07-14 11:53:33,21.5,83.8667,86.74,79,100,7.52
384,San Vicente,AR,2022-07-14 11:53:33,-26.6167,-54.1333,61.23,96,100,4.85
385,Hastings,GB,2022-07-14 11:53:34,50.8552,0.5729,78.28,47,4,3.4
386,Manggar,ID,2022-07-14 11:53:34,-2.8833,108.2667,81.63,78,33,6.96
387,Nueva Gerona,CU,2022-07-14 11:53:34,21.8833,-82.8,81.72,73,54,8.5
388,Kasane,BW,2022-07-14 11:53:35,-17.8167,25.15,77.09,22,0,10.36
389,Uray,RU,2022-07-14 11:53:35,60.1247,64.7758,87.04,36,32,4.61
390,Auki,SB,2022-07-14 11:53:35,-8.7676,160.7034,76.39,85,84,2.73
391,Lulea,SE,2022-07-14 11:52:28,65.5842,22.1547,68.07,83,0,2.3
392,Worthington,US,2022-07-14 11:53:36,40.0931,-83.018,66.72,96,100,6.91
393,Hakodate,JP,2022-07-14 11:53:36,41.7758,140.7367,66.51,88,75,14.97
394,Mingshui,CN,2022-07-14 11:53:36,36.7167,117.5,83.75,71,89,2.35
395,Seoul,KR,2022-07-14 11:53:07,37.5683,126.9778,79.99,86,40,5.75
396,Nuuk,GL,2022-07-14 11:50:20,64.1835,-51.7216,47.88,70,87,8.01
397,Sala Consilina,IT,2022-07-14 11:53:37,40.3912,15.5989,86.38,16,0,4.9
398,Hambantota,LK,2022-07-14 11:52:53,6.1241,81.1185,89.94,62,20,18.41
399,Mitsamiouli,KM,2022-07-14 11:53:37,-11.3847,43.2844,80.89,74,40,17.27
400,Ust-Nera,RU,2022-07-14 11:53:38,64.5667,143.2,66.92,71,90,4.07
401,Amursk,RU,2022-07-14 11:53:38,50.2261,136.8994,70.95,84,74,10.8
402,Zabol,AF,2022-07-14 11:53:38,32.25,67.25,89.85,12,2,9.22
403,Saint-Joseph,RE,2022-07-14 11:53:38,-21.3667,55.6167,75.58,76,48,9.35
404,Acari,PE,2022-07-14 11:53:39,-15.4311,-74.6158,59.83,61,20,1.77
405,Nove Hrady,CZ,2022-07-14 11:53:39,48.7896,14.7784,89.22,38,19,8.61
406,Aykhal,RU,2022-07-14 11:53:40,66.0,111.5,57.38,57,100,5.64
407,Charagua,BO,2022-07-14 11:53:40,-19.8,-63.2167,49.57,78,16,4.56
408,Cockburn Town,TC,2022-07-14 11:53:40,21.4612,-71.1419,76.96,78,40,4.61
409,Buluang,PH,2022-07-14 11:53:40,13.3068,123.3425,80.82,85,49,1.72
410,Cap Malheureux,MU,2022-07-14 11:53:41,-19.9842,57.6142,73.47,65,57,11.99
411,Canandaigua,US,2022-07-14 11:53:41,42.8742,-77.288,66.97,92,66,4.0
412,Inta,RU,2022-07-14 11:53:41,66.0317,60.1659,84.15,45,78,5.82
413,Joshimath,IN,2022-07-14 11:53:42,30.5667,79.5667,73.62,85,90,2.24
414,Seddon,AU,2022-07-14 11:53:42,-37.8068,144.8916,52.21,78,100,1.01
415,Santa Catalina,PH,2022-07-14 11:53:42,9.3337,122.8637,84.18,85,60,3.13
416,Zhicheng,CN,2022-07-14 11:53:43,30.2956,111.5047,89.47,64,90,10.54
417,Lagdo,CM,2022-07-14 11:53:43,9.05,13.7333,81.79,64,100,2.33
418,Loreto,MX,2022-07-14 11:53:43,22.2667,-101.9667,58.06,80,18,2.77
419,San Patricio,US,2022-07-14 11:53:44,28.017,-97.5169,83.89,91,52,0.43
420,Gat,IL,2022-07-14 11:53:44,31.61,34.7642,91.4,33,2,14.03
421,Muros,ES,2022-07-14 11:53:44,42.7762,-9.0603,97.09,31,100,6.4
422,Hamilton,US,2022-07-14 11:50:08,39.1834,-84.5333,70.09,93,0,8.05
423,Saint Anthony,US,2022-07-14 11:53:45,45.0205,-93.218,64.2,91,0,1.01
424,Isla Mujeres,MX,2022-07-14 11:50:48,21.2311,-86.731,80.17,77,98,11.21
425,Rassvet,RU,2022-07-14 11:53:45,46.8333,40.75,86.25,41,24,33.55
426,Nokia,FI,2022-07-14 11:53:45,61.4667,23.5,63.57,61,75,17.27
427,Grindavik,IS,2022-07-14 11:53:46,63.8424,-22.4338,50.47,76,75,6.91
428,Nieves,PH,2022-07-14 11:53:46,15.3274,120.9485,87.31,88,94,4.03
429,Lingyuan,CN,2022-07-14 11:53:46,41.24,119.4011,75.43,51,44,2.44
430,Arys,KZ,2022-07-14 11:53:47,42.4252,68.795,101.52,10,0,23.09
431,Dharchula,IN,2022-07-14 11:53:47,29.85,80.5333,78.8,82,82,1.92
432,Jacareacanga,BR,2022-07-14 11:53:47,-6.2222,-57.7528,78.55,54,13,3.09
433,San Policarpo,PH,2022-07-14 11:53:48,12.1791,125.5072,82.81,78,44,5.73
434,Karimpur,IN,2022-07-14 11:53:48,23.9667,88.6167,91.54,55,90,15.32
435,Sonderso,DK,2022-07-14 11:53:48,55.4853,10.2554,63.01,61,88,16.84
436,Merauke,ID,2022-07-14 11:53:48,-8.4667,140.3333,74.97,74,38,17.25
437,Ganzhou,CN,2022-07-14 11:52:57,28.8184,115.4327,86.97,74,100,3.8
438,Virginia Beach,US,2022-07-14 11:53:49,36.8529,-75.978,77.04,89,75,8.05
439,Erenhot,CN,2022-07-14 11:53:49,43.6475,111.9767,83.57,17,18,5.12
440,Terney,RU,2022-07-14 11:53:50,45.0503,136.6092,61.75,96,100,10.96
441,Gizo,SB,2022-07-14 11:53:50,-8.103,156.8419,82.2,71,70,7.07
442,Isabela,PH,2022-07-14 11:53:50,6.7085,121.9711,78.8,86,91,4.16
443,Sorland,NO,2022-07-14 11:53:51,67.667,12.6934,55.26,84,99,0.31
444,Matara,LK,2022-07-14 11:53:51,5.9485,80.5353,81.37,77,33,13.53
445,Hsinchu,TW,2022-07-14 11:53:51,24.8036,120.9686,89.85,63,97,1.99
446,Kuminskiy,RU,2022-07-14 11:53:51,58.6667,66.5667,82.65,50,56,6.06
447,Itoman,JP,2022-07-14 11:50:54,26.1247,127.6694,84.22,89,75,8.05
448,Conceicao Do Araguaia,BR,2022-07-14 11:53:52,-8.2578,-49.2647,85.05,37,68,1.66
449,Mandalgovi,MN,2022-07-14 11:53:52,45.7625,106.2708,78.28,24,99,10.58
450,Dauphin,CA,2022-07-14 11:53:52,51.1494,-100.0502,73.54,60,75,10.36
451,Ilhabela,BR,2022-07-14 11:53:53,-23.7781,-45.3581,68.59,95,100,10.89
452,Road Town,VG,2022-07-14 11:53:53,18.4167,-64.6167,82.44,74,40,9.22
453,Verkhnyaya Tishanka,RU,2022-07-14 11:53:53,51.3239,40.5328,75.87,40,77,15.73
454,Muriwai Beach,NZ,2022-07-14 11:50:05,-36.8167,174.45,51.42,94,100,17.27
455,Prince Rupert,CA,2022-07-14 11:53:54,54.3161,-130.3201,55.09,88,100,20.71
456,Akranes,IS,2022-07-14 11:53:54,64.3218,-22.0749,50.56,79,86,5.3
457,Cedar City,US,2022-07-14 11:53:54,37.6775,-113.0619,70.39,43,24,5.06
458,Deputatskiy,RU,2022-07-14 11:53:55,69.3,139.9,52.65,76,41,4.43
459,Slave Lake,CA,2022-07-14 11:53:55,55.2834,-114.769,55.38,54,0,6.91
460,Trelew,AR,2022-07-14 11:53:55,-43.249,-65.3051,41.47,69,99,8.14
461,Ulundi,ZA,2022-07-14 11:53:56,-28.3352,31.4162,76.5,23,0,9.93
462,Bacalar,MX,2022-07-14 11:53:56,18.6667,-88.3833,77.05,92,100,6.85
463,Fortuna,US,2022-07-14 11:53:56,40.5982,-124.1573,55.92,91,100,1.01
464,Rio Grande,BR,2022-07-14 11:53:57,-32.035,-52.0986,53.94,91,98,14.72
465,Shelburne,CA,2022-07-14 11:53:57,44.0787,-80.2041,59.36,85,1,4.81
466,Avera,US,2022-07-14 11:53:57,33.194,-82.5271,71.65,85,63,5.57
467,Taoudenni,ML,2022-07-14 11:53:58,22.6783,-3.9836,114.21,6,12,11.41
468,Oussouye,SN,2022-07-14 11:53:58,12.485,-16.5469,86.18,66,97,2.39
469,Kaya,BF,2022-07-14 11:53:58,13.0917,-1.0844,95.47,35,50,12.68
470,Batemans Bay,AU,2022-07-14 11:53:59,-35.7167,150.1833,45.0,81,6,6.06
471,Kasempa,ZM,2022-07-14 11:53:59,-13.4584,25.8338,79.16,26,29,4.5
472,Yakeshi,CN,2022-07-14 11:53:59,49.2833,120.7333,61.25,95,100,6.29
473,Talnakh,RU,2022-07-14 11:53:59,69.4865,88.3972,65.21,50,83,5.26
474,Maple Creek,CA,2022-07-14 11:54:00,49.9168,-109.4848,63.01,94,22,5.75
475,Caxito,AO,2022-07-14 11:54:00,-8.5785,13.6643,90.27,36,49,5.03
476,Songea,TZ,2022-07-14 11:54:00,-10.6833,35.65,71.24,46,47,6.06
477,Mgachi,RU,2022-07-14 11:54:01,51.05,142.2667,63.32,95,85,2.44
478,Xiaoshi,CN,2022-07-14 11:54:01,41.2971,124.1209,68.0,89,5,3.13
479,Rantepao,ID,2022-07-14 11:54:02,-2.9701,119.8978,68.27,99,100,1.48
480,Krasnoselkup,RU,2022-07-14 11:54:02,65.7,82.4667,61.45,52,99,10.45
481,Ayan,RU,2022-07-14 11:54:02,56.45,138.1667,59.05,96,97,4.52
482,Elban,RU,2022-07-14 11:54:02,50.1018,136.5094,69.94,87,52,6.93
483,Kaitangata,NZ,2022-07-14 11:54:03,-46.2817,169.8464,38.3,92,73,6.64
484,Warwick,US,2022-07-14 11:54:03,41.7001,-71.4162,74.3,79,100,0.83
485,Taraz,KZ,2022-07-14 11:54:03,42.9,71.3667,91.81,17,0,22.37
486,Richards Bay,ZA,2022-07-14 11:54:04,-28.783,32.0377,74.21,51,0,13.49
487,Dowa,MW,2022-07-14 11:54:04,-13.654,33.9375,71.87,36,23,4.41
488,Port Lincoln,AU,2022-07-14 11:54:04,-34.7333,135.8667,52.54,79,30,11.16
489,Ati,TD,2022-07-14 11:54:05,13.2154,18.3353,80.42,62,100,5.55
490,Ixtapa,MX,2022-07-14 11:49:41,20.7,-105.2,80.22,88,92,2.26
491,Bonavista,CA,2022-07-14 11:54:05,48.6499,-53.1147,59.41,75,0,11.52
492,Denia,ES,2022-07-14 11:54:05,38.8408,0.1057,102.79,37,0,11.99
493,San Joaquin,US,2022-07-14 11:54:06,37.9333,-121.3011,64.53,75,0,4.61
494,Melfi,IT,2022-07-14 11:54:06,40.9965,15.6514,86.49,18,0,8.21
495,Margate,GB,2022-07-14 11:54:07,51.3813,1.3862,74.89,64,46,3.0
496,Los Llanos De Aridane,ES,2022-07-14 11:54:07,28.6585,-17.9182,71.35,84,20,16.11
497,Benin,BJ,2022-07-14 11:54:07,9.5,2.25,87.51,54,90,6.42
498,Yartsevo,RU,2022-07-14 11:54:07,55.0667,32.6964,64.04,79,98,6.49
499,Mporokoso,ZM,2022-07-14 11:54:08,-9.3727,30.125,81.95,25,39,4.07
500,Usinsk,RU,2022-07-14 11:54:08,65.9939,57.5281,86.04,37,16,6.85
501,Sisimiut,GL,2022-07-14 11:52:56,66.9395,-53.6735,48.81,63,1,8.39
502,Pangnirtung,CA,2022-07-14 11:54:08,66.1451,-65.7125,44.6,87,75,0.0
503,Ormara,PK,2022-07-14 11:54:09,25.2088,64.6357,86.99,76,27,8.77
504,Diego De Almagro,CL,2022-07-14 11:54:09,-26.3667,-70.05,45.48,75,98,1.7
505,Inirida,CO,2022-07-14 11:54:09,3.8653,-67.9239,73.65,97,100,0.96
506,Khorinsk,RU,2022-07-14 11:54:10,52.1657,109.7726,74.66,44,89,3.56
507,Harboore,DK,2022-07-14 11:54:10,56.6175,8.1807,65.17,68,81,26.04
508,Jatara,IN,2022-07-14 11:54:10,25.0167,79.05,96.4,39,95,10.6
509,Kushiro,JP,2022-07-14 11:54:11,42.975,144.3747,63.55,100,75,3.44
510,Roebourne,AU,2022-07-14 11:54:11,-20.7833,117.1333,68.22,57,61,7.23
511,Tautira,PF,2022-07-14 11:54:11,-17.7333,-149.15,75.7,73,47,23.85
512,Verkh-Usugli,RU,2022-07-14 11:54:12,52.7,115.1667,62.91,85,100,5.44
513,Yerbogachen,RU,2022-07-14 11:54:12,61.2767,108.0108,62.74,65,96,3.56
514,Sangueya,GN,2022-07-14 11:54:12,10.7,-14.3667,82.9,76,99,7.47
515,Mehamn,NO,2022-07-14 11:54:13,71.0357,27.8492,69.75,73,100,9.22
516,Komsomolskiy,UZ,2022-07-14 11:54:13,40.4272,71.7189,93.92,15,0,6.91
517,Cayenne,GF,2022-07-14 11:54:13,4.9333,-52.3333,78.1,1,75,2.3
518,Elko,US,2022-07-14 11:54:14,41.0002,-115.5012,66.22,52,13,3.29
519,High Prairie,CA,2022-07-14 11:54:14,55.4334,-116.4858,47.03,70,43,6.89
520,Hami,CN,2022-07-14 11:54:14,42.8,93.45,90.41,15,100,8.21
521,Ugoofaaru,MV,2022-07-14 11:54:15,5.6667,73.0,83.1,77,87,15.26
522,Atasu,KZ,2022-07-14 11:54:15,48.6814,71.6433,86.34,22,1,6.55
523,Moerai,PF,2022-07-14 11:54:16,-22.4333,-151.3333,70.95,66,24,22.21
524,Eyrarbakki,IS,2022-07-14 11:54:16,63.863,-21.1481,54.21,72,73,6.85
525,Port Macquarie,AU,2022-07-14 11:54:16,-31.4333,152.9167,52.9,85,70,13.76
526,Buchanan,LR,2022-07-14 11:54:16,5.8808,-10.0467,78.12,81,100,8.52
527,Kishtwar,IN,2022-07-14 11:54:17,33.3167,75.7667,72.28,74,100,5.06
528,Podyuga,RU,2022-07-14 11:54:17,61.095,40.8647,71.46,55,56,4.68
529,Vasteras,SE,2022-07-14 11:51:10,59.6162,16.5528,67.98,56,75,2.3
530,Baherden,TM,2022-07-14 11:54:18,38.4362,57.4316,105.24,9,0,15.68
531,Kudahuvadhoo,MV,2022-07-14 11:54:18,2.6708,72.8944,83.55,73,82,12.24
532,Iskenderun,TR,2022-07-14 11:54:18,36.5872,36.1735,90.27,47,4,9.35
533,Chhindwara,IN,2022-07-14 11:54:19,22.0667,78.9333,74.79,92,99,3.15
534,Sassandra,CI,2022-07-14 11:54:19,4.95,-6.0833,77.22,79,100,7.65
535,Benguela,AO,2022-07-14 11:54:19,-12.5763,13.4055,76.05,68,36,8.81
536,Srednekolymsk,RU,2022-07-14 11:54:19,67.45,153.6833,52.65,64,100,6.64
537,Novyy Urengoy,RU,2022-07-14 11:50:35,66.0833,76.6333,70.27,32,53,3.91
538,Ende,ID,2022-07-14 11:54:20,-8.8432,121.6623,73.74,86,51,5.23
539,Ambon,ID,2022-07-14 11:54:20,-3.6954,128.1814,77.23,15,75,3.44
540,Venice,US,2022-07-14 11:52:31,27.0998,-82.4543,78.06,97,0,4.61
541,Barcelos,PT,2022-07-14 11:49:59,41.5388,-8.6151,94.68,31,91,5.46
542,Isoka,ZM,2022-07-14 11:54:21,-10.1606,32.6335,78.57,29,3,5.84
543,Trogir,HR,2022-07-14 11:54:21,43.5125,16.2517,87.85,29,0,13.8
544,Carrollton,US,2022-07-14 11:54:21,32.9537,-96.8903,85.41,66,0,11.5
