City_ID,City,Country,Date,Lat,Lng,Max Temp,Humidity,Cloudiness,Wind Speed,Current Description
0,Kuito,AO,2022-07-15 23:28:21,-12.3833,16.9333,52.7,44,0,3.4,clear sky
1,Butaritari,KI,2022-07-15 23:28:21,3.0707,172.7902,81.99,80,100,19.8,moderate rain
2,Bluff,NZ,2022-07-15 23:28:21,-46.6,168.3333,35.8,75,82,19.28,broken clouds
3,Ushuaia,AR,2022-07-15 23:25:07,-54.8,-68.3,35.26,60,20,9.22,few clouds
4,Sao Filipe,CV,2022-07-15 23:28:22,14.8961,-24.4956,74.79,80,100,5.39,overcast clouds
5,Kapaa,US,2022-07-15 23:28:22,22.0752,-159.319,84.18,67,20,13.8,few clouds
6,Bengkulu,ID,2022-07-15 23:28:22,-3.8004,102.2655,75.52,88,100,4.27,moderate rain
7,Clyde River,CA,2022-07-15 23:28:23,70.4692,-68.5914,55.63,47,0,14.97,clear sky
8,Ribeira Grande,PT,2022-07-15 23:28:23,38.5167,-28.7,70.3,89,55,8.37,broken clouds
9,Hithadhoo,MV,2022-07-15 23:28:23,-0.6,73.0833,83.61,73,78,15.75,broken clouds
10,San Patricio,US,2022-07-15 23:28:24,28.017,-97.5169,87.69,64,99,11.77,overcast clouds
11,Punta Arenas,CL,2022-07-15 23:28:24,-53.15,-70.9167,21.31,93,20,5.75,few clouds
12,Kaitangata,NZ,2022-07-15 23:28:24,-46.2817,169.8464,40.53,84,45,9.93,scattered clouds
13,Tautira,PF,2022-07-15 23:28:25,-17.7333,-149.15,74.88,73,51,24.05,light rain
14,Anchorage,US,2022-07-15 23:27:53,61.2181,-149.9003,62.65,76,100,15.01,light rain
15,Gairatganj,IN,2022-07-15 23:28:25,23.4202,78.2385,74.19,94,97,7.61,overcast clouds
16,Vila,PT,2022-07-15 23:28:25,42.0304,-8.1588,64.71,71,53,2.46,broken clouds
17,Le Port,RE,2022-07-15 23:28:26,-20.9373,55.2919,67.96,68,44,5.84,scattered clouds
18,Nouadhibou,MR,2022-07-15 23:28:26,20.931,-17.0347,69.78,88,20,12.66,few clouds
19,Atuona,PF,2022-07-15 23:28:26,-9.8,-139.0333,77.22,74,1,12.91,clear sky
20,Aasiaat,GL,2022-07-15 23:28:27,68.7098,-52.8699,39.51,87,3,13.6,clear sky
21,Ituverava,BR,2022-07-15 23:28:27,-20.3394,-47.7806,71.33,40,100,4.9,overcast clouds
22,Roma,US,2022-07-15 23:28:27,43.2128,-75.4557,78.96,49,0,6.91,clear sky
23,Panji,ID,2022-07-15 23:28:28,-7.7253,114.0995,73.02,75,8,4.88,clear sky
24,Port Alfred,ZA,2022-07-15 23:28:28,-33.5906,26.891,54.18,90,15,13.06,few clouds
25,Rikitea,PF,2022-07-15 23:28:28,-23.1203,-134.9692,68.07,81,100,10.0,light rain
26,Mataura,NZ,2022-07-15 23:28:29,-46.1927,168.8643,35.47,90,79,4.54,broken clouds
27,Cape Town,ZA,2022-07-15 23:26:55,-33.9258,18.4232,59.38,87,93,3.44,fog
28,Barranca,PE,2022-07-15 23:28:29,-10.75,-77.7667,60.96,81,63,10.98,broken clouds
29,Hobart,AU,2022-07-15 23:27:16,-42.8794,147.3294,50.25,82,75,9.22,light rain
30,Poum,NC,2022-07-15 23:28:29,-20.2333,164.0167,71.76,57,0,24.11,clear sky
31,Nishihara,JP,2022-07-15 23:28:30,26.1842,127.7558,85.68,84,75,11.5,broken clouds
32,Naantali,FI,2022-07-15 23:28:30,60.4674,22.0243,54.86,87,75,9.22,broken clouds
33,Kamenka,RU,2022-07-15 23:25:42,51.3223,42.7678,62.29,68,0,6.69,clear sky
34,Arraial Do Cabo,BR,2022-07-15 23:28:30,-22.9661,-42.0278,71.56,78,0,13.8,clear sky
35,Chuy,UY,2022-07-15 23:28:31,-33.6971,-53.4616,59.02,99,100,1.72,overcast clouds
36,Gamba,GA,2022-07-15 23:28:31,-2.65,10.0,69.37,95,24,3.96,few clouds
37,Lebu,CL,2022-07-15 23:28:31,-37.6167,-73.65,44.85,79,47,10.27,scattered clouds
38,Mocuba,MZ,2022-07-15 23:28:32,-16.8392,36.9856,58.01,92,1,4.7,clear sky
39,Xiongzhou,CN,2022-07-15 23:28:32,25.1167,114.3,80.44,87,100,3.11,overcast clouds
40,Puerto Ayora,EC,2022-07-15 23:28:32,-0.7393,-90.3518,70.56,91,74,7.0,broken clouds
41,Caravelas,BR,2022-07-15 23:28:33,-17.7125,-39.2481,70.41,79,5,5.28,clear sky
42,Anavra,GR,2022-07-15 23:28:33,39.2,22.0833,77.45,39,0,3.38,clear sky
43,Kawalu,ID,2022-07-15 23:28:33,-7.3817,108.2082,71.78,99,95,0.81,moderate rain
44,Nikolskoye,RU,2022-07-15 23:28:34,59.7035,30.7861,58.89,98,54,5.03,broken clouds
45,Chokurdakh,RU,2022-07-15 23:28:34,70.6333,147.9167,48.06,81,70,16.71,broken clouds
46,Mareeba,AU,2022-07-15 23:28:34,-17.0,145.4333,67.44,82,57,9.75,light rain
47,Georgetown,MY,2022-07-15 23:27:55,5.4112,100.3354,83.89,89,20,3.44,few clouds
48,Tuktoyaktuk,CA,2022-07-15 23:28:35,69.4541,-133.0374,42.8,75,20,5.75,few clouds
49,Bonthe,SL,2022-07-15 23:28:35,7.5264,-12.505,76.75,83,99,8.75,light rain
50,Yar-Sale,RU,2022-07-15 23:28:35,66.8333,70.8333,53.92,66,5,7.78,clear sky
51,Los Llanos De Aridane,ES,2022-07-15 23:28:36,28.6585,-17.9182,67.75,92,0,14.97,clear sky
52,Sambava,MG,2022-07-15 23:28:36,-14.2667,50.1667,69.26,83,64,10.63,light rain
53,Khatanga,RU,2022-07-15 23:28:36,71.9667,102.5,58.53,53,18,6.8,few clouds
54,Castro,BR,2022-07-15 23:28:37,-24.7911,-50.0119,60.01,70,99,4.14,overcast clouds
55,Albany,US,2022-07-15 23:28:37,42.6001,-73.9662,81.25,46,42,4.5,scattered clouds
56,Jamestown,US,2022-07-15 23:26:13,42.097,-79.2353,74.05,40,0,6.91,clear sky
57,Evensk,RU,2022-07-15 23:28:37,61.95,159.2333,62.37,74,3,7.05,clear sky
58,Upernavik,GL,2022-07-15 23:28:38,72.7868,-56.1549,48.67,61,1,5.97,clear sky
59,Bredasdorp,ZA,2022-07-15 23:28:38,-34.5322,20.0403,51.13,91,99,3.78,overcast clouds
60,Khani,GE,2022-07-15 23:28:38,41.9563,42.9566,60.37,83,1,2.15,clear sky
61,Tanout,NE,2022-07-15 23:28:39,14.9709,8.8879,76.14,65,100,24.47,light rain
62,Inongo,CD,2022-07-15 23:28:39,-1.95,18.2667,72.63,56,48,3.51,scattered clouds
63,Saldanha,ZA,2022-07-15 23:28:39,-33.0117,17.9442,53.65,75,88,7.52,overcast clouds
64,Mehamn,NO,2022-07-15 23:28:40,71.0357,27.8492,53.55,87,71,4.61,broken clouds
65,Bourail,NC,2022-07-15 23:28:40,-21.5667,165.4833,69.76,56,50,13.94,scattered clouds
66,Xiamen,CN,2022-07-15 23:24:00,24.4798,118.0819,87.85,79,0,4.47,clear sky
67,Souillac,MU,2022-07-15 23:28:41,-20.5167,57.5167,66.58,94,75,11.5,light rain
68,Hermanus,ZA,2022-07-15 23:28:41,-34.4187,19.2345,53.8,81,97,8.86,overcast clouds
69,Roebourne,AU,2022-07-15 23:28:41,-20.7833,117.1333,61.2,34,1,10.6,clear sky
70,Barcelos,PT,2022-07-15 23:28:41,41.5388,-8.6151,74.91,84,52,1.19,broken clouds
71,Janauba,BR,2022-07-15 23:28:42,-15.8025,-43.3089,69.98,32,5,8.01,clear sky
72,Rio Grande,BR,2022-07-15 23:28:42,-32.035,-52.0986,62.71,98,71,9.69,broken clouds
73,Sola,VU,2022-07-15 23:28:42,-13.8833,167.55,80.35,74,33,19.35,scattered clouds
74,Kodiak,US,2022-07-15 23:28:43,57.79,-152.4072,60.31,72,40,6.91,scattered clouds
75,Yellowknife,CA,2022-07-15 23:28:43,62.456,-114.3525,64.92,63,75,4.61,broken clouds
76,Talnakh,RU,2022-07-15 23:28:43,69.4865,88.3972,58.21,62,8,1.79,clear sky
77,Provideniya,RU,2022-07-15 23:28:44,64.3833,-173.3,48.87,63,69,3.13,broken clouds
78,Bowen,AU,2022-07-15 23:28:44,-20.0167,148.2333,67.12,72,29,16.33,scattered clouds
79,Avarua,CK,2022-07-15 23:28:44,-21.2078,-159.775,77.05,61,75,19.57,broken clouds
80,Vaini,TO,2022-07-15 23:28:44,-21.2,-175.2,80.76,94,20,9.22,few clouds
81,Rindal,NO,2022-07-15 23:28:45,63.0565,9.2124,45.1,92,99,6.46,overcast clouds
82,Mar Del Plata,AR,2022-07-15 23:28:45,-38.0023,-57.5575,50.88,96,100,10.36,drizzle
83,Katsuura,JP,2022-07-15 23:28:46,35.1333,140.3,75.22,92,100,10.33,moderate rain
84,New Norfolk,AU,2022-07-15 23:28:46,-42.7826,147.0587,49.91,83,100,1.01,overcast clouds
85,Greenville,US,2022-07-15 23:28:46,35.6127,-77.3663,82.56,85,40,1.99,scattered clouds
86,Vasto,IT,2022-07-15 23:28:46,42.1243,14.7059,82.15,43,0,4.36,clear sky
87,Krivosheino,RU,2022-07-15 23:28:47,57.3431,83.9261,52.34,88,89,2.13,overcast clouds
88,Airai,TL,2022-07-15 23:24:04,-8.9266,125.4092,56.95,83,98,3.22,overcast clouds
89,Kavieng,PG,2022-07-15 23:28:47,-2.5744,150.7967,82.53,74,51,9.73,broken clouds
90,Sarangani,PH,2022-07-15 23:28:47,5.4033,125.4636,82.29,77,68,8.86,broken clouds
91,Karratha,AU,2022-07-15 23:28:48,-20.7377,116.8463,61.84,39,1,10.09,clear sky
92,Ponta Do Sol,PT,2022-07-15 23:24:56,32.6667,-17.1,71.01,82,27,4.41,scattered clouds
93,Smithers,CA,2022-07-15 23:28:48,54.7804,-127.1743,64.72,72,75,5.75,broken clouds
94,Ahipara,NZ,2022-07-15 23:28:49,-35.1667,173.1667,55.47,76,77,9.84,broken clouds
95,Bolgatanga,GH,2022-07-15 23:28:49,10.7856,-0.8514,78.4,79,92,4.83,overcast clouds
96,Kokkola,FI,2022-07-15 23:28:49,63.8385,23.1307,55.92,94,0,5.75,clear sky
97,Gornopravdinsk,RU,2022-07-15 23:28:50,60.05,69.9,61.3,98,75,3.67,light rain
98,Nueva Londres,PY,2022-07-15 23:28:50,-25.4045,-56.5498,77.25,60,100,4.9,overcast clouds
99,Marechal Candido Rondon,BR,2022-07-15 23:27:42,-24.5561,-54.0567,73.6,45,100,9.42,overcast clouds
100,Asau,RO,2022-07-15 23:28:50,46.4333,26.4,67.12,89,24,3.27,few clouds
101,Fortuna,US,2022-07-15 23:28:51,40.5982,-124.1573,70.93,73,20,3.0,few clouds
102,Ixtapa,MX,2022-07-15 23:28:51,20.7,-105.2,88.23,66,20,8.05,few clouds
103,Dolores,AR,2022-07-15 23:25:46,-36.3132,-57.6792,52.09,87,99,5.95,overcast clouds
104,Beaverlodge,CA,2022-07-15 23:28:52,55.2166,-119.4361,70.95,65,100,4.21,overcast clouds
105,Saint-Philippe,RE,2022-07-15 23:28:52,-21.3585,55.7679,64.22,84,55,9.51,light rain
106,Pangoa,PE,2022-07-15 23:28:52,-12.1167,-73.0,69.94,95,100,2.26,overcast clouds
107,Grand Gaube,MU,2022-07-15 23:28:52,-20.0064,57.6608,68.38,82,89,3.0,moderate rain
108,Guatire,VE,2022-07-15 23:28:53,10.4762,-66.5427,73.42,94,81,2.15,broken clouds
109,Bathsheba,BB,2022-07-15 23:28:53,13.2167,-59.5167,82.06,89,40,20.71,scattered clouds
110,Narsaq,GL,2022-07-15 23:28:53,60.9167,-46.05,55.62,80,53,6.44,broken clouds
111,Saint-Francois,FR,2022-07-15 23:28:54,46.4154,3.9054,62.04,72,0,1.14,clear sky
112,Carnarvon,AU,2022-07-15 23:28:54,-24.8667,113.6333,63.39,50,0,11.07,clear sky
113,Ahuimanu,US,2022-07-15 23:28:54,21.4447,-157.8378,83.91,67,40,12.66,scattered clouds
114,Dickson,US,2022-07-15 23:28:55,36.077,-87.3878,90.25,51,75,0.0,broken clouds
115,Itarema,BR,2022-07-15 23:24:57,-2.9248,-39.9167,78.78,78,65,14.27,broken clouds
116,Comodoro Rivadavia,AR,2022-07-15 23:28:55,-45.8667,-67.5,33.66,86,40,5.75,scattered clouds
117,Petropavlovka,RU,2022-07-15 23:28:55,50.6114,105.3196,57.29,82,95,3.78,overcast clouds
118,Marawi,PH,2022-07-15 23:28:56,7.9986,124.2928,70.97,93,89,1.63,overcast clouds
119,Ostrovnoy,RU,2022-07-15 23:28:56,68.0531,39.5131,58.15,95,100,1.32,light rain
120,Bethel,US,2022-07-15 23:27:06,41.3712,-73.414,80.02,58,64,3.76,broken clouds
121,Soma,TR,2022-07-15 23:28:56,39.1855,27.6094,64.9,74,0,7.05,clear sky
122,Pietersburg,ZA,2022-07-15 23:28:57,-23.9045,29.4688,45.45,81,0,1.14,clear sky
123,Barra Dos Coqueiros,BR,2022-07-15 23:28:57,-10.9089,-37.0386,75.22,78,75,10.36,broken clouds
124,Zhigalovo,RU,2022-07-15 23:28:58,54.8097,105.1578,54.66,99,100,2.77,moderate rain
125,Beloha,MG,2022-07-15 23:28:58,-25.1667,45.05,64.42,88,6,10.27,clear sky
126,Esperance,AU,2022-07-15 23:28:58,-33.8667,121.9,58.42,77,98,11.79,overcast clouds
127,Puerto Madero,MX,2022-07-15 23:28:58,14.7208,-92.4215,75.4,100,100,6.91,overcast clouds
128,Santa Maria,BR,2022-07-15 23:24:51,-29.6842,-53.8069,61.9,100,0,4.61,clear sky
129,Cidreira,BR,2022-07-15 23:28:59,-30.1811,-50.2056,62.42,97,94,9.51,overcast clouds
130,Kudahuvadhoo,MV,2022-07-15 23:28:59,2.6708,72.8944,82.42,76,92,9.28,overcast clouds
131,Sao Jose Da Coroa Grande,BR,2022-07-15 23:28:59,-8.8978,-35.1478,74.95,84,1,10.47,clear sky
132,Mahebourg,MU,2022-07-15 23:29:00,-20.4081,57.7,68.25,94,75,11.5,broken clouds
133,Thohoyandou,ZA,2022-07-15 23:29:00,-22.9456,30.485,59.13,67,100,5.17,overcast clouds
134,Vasilyevskiy Mokh,RU,2022-07-15 23:29:00,57.0132,35.919,50.38,94,42,5.66,scattered clouds
135,Pogar,RU,2022-07-15 23:29:01,52.554,33.2591,52.63,95,0,7.25,clear sky
136,Simbahan,PH,2022-07-15 23:29:01,6.3032,120.5836,81.39,76,72,6.31,broken clouds
137,Cherskiy,RU,2022-07-15 23:29:01,68.75,161.3,60.51,34,75,4.7,broken clouds
138,Santa Isabel,BR,2022-07-15 23:29:02,-23.3156,-46.2214,69.51,59,100,3.33,overcast clouds
139,Miles City,US,2022-07-15 23:29:02,46.4083,-105.8406,97.77,23,0,5.75,clear sky
140,Cartagena Del Chaira,CO,2022-07-15 23:29:03,1.3349,-74.8429,77.4,83,77,3.58,broken clouds
141,Grass Valley,US,2022-07-15 23:29:03,39.2191,-121.0611,96.96,20,0,3.0,clear sky
142,Santa Cruz Del Sur,CU,2022-07-15 23:29:04,20.7147,-77.9956,83.3,72,98,7.0,overcast clouds
143,Longyearbyen,SJ,2022-07-15 23:29:04,78.2186,15.6401,55.24,62,75,11.5,light rain
144,Victoria,HK,2022-07-15 23:24:16,22.2855,114.1577,87.96,88,100,8.01,overcast clouds
145,Hilo,US,2022-07-15 23:28:50,19.7297,-155.09,91.27,82,75,10.36,broken clouds
146,Manado,ID,2022-07-15 23:29:05,1.487,124.8455,77.77,83,20,2.3,few clouds
147,Zhicheng,CN,2022-07-15 23:29:05,30.2956,111.5047,83.48,79,100,1.45,overcast clouds
148,Pagudpud,PH,2022-07-15 23:29:05,18.5616,120.7868,81.93,79,98,7.18,overcast clouds
149,Ilulissat,GL,2022-07-15 23:29:06,69.2167,-51.1,44.62,87,20,3.44,fog
150,Aykhal,RU,2022-07-15 23:29:06,66.0,111.5,50.76,98,100,11.65,light rain
151,Port Lincoln,AU,2022-07-15 23:29:07,-34.7333,135.8667,54.48,57,77,21.79,broken clouds
152,Port Hedland,AU,2022-07-15 23:29:07,-20.3167,118.5667,51.85,58,5,6.91,clear sky
153,Dikson,RU,2022-07-15 23:29:07,73.5069,80.5464,45.19,77,89,8.84,overcast clouds
154,Durham,US,2022-07-15 23:26:15,36.0335,-78.8664,82.53,85,75,3.44,broken clouds
155,Barrow,US,2022-07-15 23:29:08,71.2906,-156.7887,39.22,81,100,13.8,overcast clouds
156,Mayumba,GA,2022-07-15 23:29:08,-3.432,10.6554,69.26,94,12,3.18,few clouds
157,Yabrud,SY,2022-07-15 23:29:09,33.9674,36.6574,66.45,53,0,1.25,clear sky
158,Andenes,NO,2022-07-15 23:29:09,69.3143,16.1194,49.98,87,100,8.05,overcast clouds
159,Haines Junction,CA,2022-07-15 23:29:10,60.7522,-137.5108,60.75,67,100,2.3,overcast clouds
160,Japura,ID,2022-07-15 23:29:10,-0.3167,102.35,72.25,98,78,2.53,broken clouds
161,Hannibal,US,2022-07-15 23:25:51,39.7084,-91.3585,88.72,51,0,4.61,clear sky
162,Aljezur,PT,2022-07-15 23:29:11,37.3191,-8.8033,65.75,86,11,7.9,few clouds
163,Vila Velha,BR,2022-07-15 23:29:11,-20.3297,-40.2925,71.55,88,20,3.44,few clouds
164,Jutai,BR,2022-07-15 23:29:11,-5.1833,-68.9,79.29,74,100,0.83,overcast clouds
165,Maarianhamina,AX,2022-07-15 23:29:12,60.0973,19.9348,51.66,87,75,9.22,broken clouds
166,Vostok,RU,2022-07-15 23:29:12,46.4856,135.8833,60.89,83,100,4.59,overcast clouds
167,Puerto Ayacucho,VE,2022-07-15 23:29:12,5.6639,-67.6236,76.46,91,93,5.35,overcast clouds
168,Churapcha,RU,2022-07-15 23:29:13,62.0025,132.4325,74.73,71,64,1.34,broken clouds
169,Ondjiva,AO,2022-07-15 23:29:13,-17.0667,15.7333,55.71,34,0,8.14,clear sky
170,Qaanaaq,GL,2022-07-15 23:29:14,77.484,-69.3632,51.12,60,58,8.48,broken clouds
171,Angoche,MZ,2022-07-15 23:29:14,-16.2325,39.9086,66.87,84,0,11.86,clear sky
172,Sisimiut,GL,2022-07-15 23:29:15,66.9395,-53.6735,41.14,83,95,10.45,overcast clouds
173,Fort Nelson,CA,2022-07-15 23:29:15,58.8053,-122.7002,76.59,33,75,4.61,broken clouds
174,Mosquera,CO,2022-07-15 23:29:15,4.7059,-74.2302,57.29,88,75,14.97,light intensity drizzle
175,Sorland,NO,2022-07-15 23:29:16,67.667,12.6934,48.06,82,100,9.91,overcast clouds
176,Ebolowa,CM,2022-07-15 23:29:16,2.9,11.15,67.17,100,56,2.17,broken clouds
177,Xining,CN,2022-07-15 23:29:16,36.6167,101.7667,57.78,93,100,1.81,overcast clouds
178,Vila Franca Do Campo,PT,2022-07-15 23:29:17,37.7167,-25.4333,70.21,91,49,11.36,scattered clouds
179,Tuatapere,NZ,2022-07-15 23:28:28,-46.1333,167.6833,39.94,84,55,6.08,broken clouds
180,Beringovskiy,RU,2022-07-15 23:29:17,63.05,179.3167,46.62,73,24,5.61,few clouds
181,Vaitape,PF,2022-07-15 23:29:17,-16.5167,-151.75,77.9,57,83,20.69,broken clouds
182,Nanakuli,US,2022-07-15 23:29:18,21.3906,-158.1547,84.15,57,100,9.22,overcast clouds
183,Lensk,RU,2022-07-15 23:29:18,60.7253,114.9278,63.66,99,100,3.36,light rain
184,Afua,BR,2022-07-15 23:29:19,-0.1567,-50.3867,77.29,86,34,7.29,scattered clouds
185,Bousso,TD,2022-07-15 23:29:19,10.4795,16.7117,74.08,92,100,5.75,light rain
186,Honiara,SB,2022-07-15 23:29:20,-9.4333,159.95,84.18,68,45,6.2,scattered clouds
187,Busselton,AU,2022-07-15 23:29:20,-33.65,115.3333,57.83,66,100,1.57,overcast clouds
188,Ancud,CL,2022-07-15 23:29:20,-41.8697,-73.8203,42.22,77,0,3.76,clear sky
189,Eluru,IN,2022-07-15 23:29:21,16.7,81.1,80.83,76,100,10.63,overcast clouds
190,Pulandian,CN,2022-07-15 23:29:21,39.3953,121.9669,74.68,80,2,11.05,clear sky
191,Owando,CG,2022-07-15 23:29:21,-0.4819,15.8999,76.89,60,16,2.89,few clouds
192,Lompoc,US,2022-07-15 23:28:32,34.6391,-120.4579,87.94,70,0,14.97,clear sky
193,Sao Joao Da Barra,BR,2022-07-15 23:29:22,-21.6403,-41.0511,72.03,80,59,18.88,broken clouds
194,Port Hardy,CA,2022-07-15 23:29:22,50.6996,-127.4199,66.38,59,75,6.91,broken clouds
195,Senanga,ZM,2022-07-15 23:27:24,-16.1167,23.2667,55.54,42,0,6.69,clear sky
196,Sur,OM,2022-07-15 23:29:24,22.5667,59.5289,87.6,69,100,6.4,overcast clouds
197,Kloulklubed,PW,2022-07-15 23:29:24,7.0419,134.2556,77.5,81,100,16.24,overcast clouds
198,Touros,BR,2022-07-15 23:27:40,-5.1989,-35.4608,74.89,88,21,13.65,few clouds
199,Tibati,CM,2022-07-15 23:29:24,6.4667,12.6333,66.63,98,100,2.55,moderate rain
200,Norman Wells,CA,2022-07-15 23:29:25,65.282,-126.8329,60.84,59,40,13.8,scattered clouds
201,Cayenne,GF,2022-07-15 23:29:00,4.9333,-52.3333,76.08,1,0,0.0,clear sky
202,Bengbu,CN,2022-07-15 23:29:25,32.9408,117.3608,82.27,86,99,3.02,overcast clouds
203,Kilindoni,TZ,2022-07-15 23:29:26,-7.9139,39.6668,76.44,77,84,17.22,broken clouds
204,Portland,US,2022-07-15 23:25:55,45.5234,-122.6762,85.95,34,20,5.99,few clouds
205,La Paz,BO,2022-07-15 23:29:26,-16.5,-68.15,49.98,11,75,6.91,broken clouds
206,Kincardine,GB,2022-07-15 23:29:26,56.0667,-3.7167,56.52,81,77,1.99,broken clouds
207,Kruisfontein,ZA,2022-07-15 23:29:27,-34.0033,24.7314,53.46,73,95,4.97,overcast clouds
208,Ambovombe,MG,2022-07-15 23:29:27,-25.1667,46.0833,64.67,84,5,10.54,clear sky
209,Altay,CN,2022-07-15 23:29:27,47.8667,88.1167,57.63,37,2,4.52,clear sky
210,Iskateley,RU,2022-07-15 23:29:28,67.6803,53.1512,70.48,75,87,7.78,overcast clouds
211,Okara,PK,2022-07-15 23:29:28,30.8081,73.4458,80.62,76,91,6.4,overcast clouds
212,Mpanda,TZ,2022-07-15 23:29:28,-6.3655,31.0409,63.63,54,50,0.78,scattered clouds
213,Sibolga,ID,2022-07-15 23:29:29,1.7427,98.7792,77.18,89,80,2.62,broken clouds
214,Christchurch,NZ,2022-07-15 23:29:29,-43.5333,172.6333,48.33,66,17,8.05,few clouds
215,Melville,US,2022-07-15 23:29:29,40.7934,-73.4151,80.15,60,0,9.22,clear sky
216,Kaseda,JP,2022-07-15 23:29:30,31.4167,130.3167,82.15,84,76,17.69,broken clouds
217,Awjilah,LY,2022-07-15 23:29:30,29.1081,21.2869,77.02,55,0,15.95,clear sky
218,Saskylakh,RU,2022-07-15 23:29:30,71.9167,114.0833,53.83,54,28,3.96,scattered clouds
219,Kefamenanu,ID,2022-07-15 23:29:31,-9.4467,124.4781,67.05,85,85,3.11,overcast clouds
220,Torbay,CA,2022-07-15 23:29:31,47.6666,-52.7314,65.88,89,75,3.44,broken clouds
221,Isangel,VU,2022-07-15 23:29:31,-19.55,169.2667,73.51,73,100,11.5,overcast clouds
222,Boende,CD,2022-07-15 23:29:32,-0.2167,20.8667,73.08,83,40,1.05,scattered clouds
223,Dumas,US,2022-07-15 23:27:17,35.8656,-101.9732,100.62,16,0,5.75,clear sky
224,Kashi,CN,2022-07-15 23:29:32,39.4547,75.9797,69.01,52,0,8.95,clear sky
225,Bacungan,PH,2022-07-15 23:29:32,9.9106,118.7022,78.85,89,40,4.61,scattered clouds
226,Praya,CV,2022-07-15 23:29:33,14.9215,-23.5087,75.74,78,40,10.36,scattered clouds
227,Iqaluit,CA,2022-07-15 23:24:54,63.7506,-68.5145,67.73,42,20,24.16,few clouds
228,Gedo,ET,2022-07-15 23:29:33,9.0167,37.45,49.59,97,99,1.81,overcast clouds
229,Bandarbeyla,SO,2022-07-15 23:29:34,9.4942,50.8122,79.43,73,95,30.02,overcast clouds
230,Oranjemund,NA,2022-07-15 23:29:34,-28.55,16.4333,66.83,33,0,5.12,clear sky
231,Visnes,NO,2022-07-15 23:29:34,59.3556,5.2242,53.65,82,75,17.27,light rain
232,Garowe,SO,2022-07-15 23:29:35,8.4054,48.4845,76.12,69,71,24.11,broken clouds
233,Lahij,YE,2022-07-15 23:29:35,13.1667,44.5833,85.3,54,100,3.8,overcast clouds
234,Alta,NO,2022-07-15 23:29:35,69.9689,23.2717,56.46,77,100,14.97,overcast clouds
235,Merauke,ID,2022-07-15 23:29:36,-8.4667,140.3333,75.27,77,100,14.03,overcast clouds
236,Hofn,IS,2022-07-15 23:29:36,64.2539,-15.2082,50.92,85,88,5.91,overcast clouds
237,Mataro,ES,2022-07-15 23:29:36,41.5421,2.4445,88.84,41,0,5.99,clear sky
238,Half Moon Bay,US,2022-07-15 23:29:37,37.4636,-122.4286,82.87,74,100,24.16,overcast clouds
239,Itaituba,BR,2022-07-15 23:29:37,-4.2761,-55.9836,79.07,75,86,2.48,overcast clouds
240,East London,ZA,2022-07-15 23:29:37,-33.0153,27.9116,60.04,71,4,13.02,clear sky
241,Myitkyina,MM,2022-07-15 23:29:38,25.3833,97.4,76.06,99,45,0.54,scattered clouds
242,Talara,PE,2022-07-15 23:29:38,-4.5772,-81.2719,64.92,79,1,22.57,clear sky
243,Salalah,OM,2022-07-15 23:29:38,17.0151,54.0924,77.99,91,100,9.95,light rain
244,Waipawa,NZ,2022-07-15 23:29:38,-41.4122,175.5153,46.13,70,71,8.16,broken clouds
245,Tasiilaq,GL,2022-07-15 23:29:39,65.6145,-37.6368,48.36,71,100,12.26,overcast clouds
246,Port Elizabeth,ZA,2022-07-15 23:24:59,-33.918,25.5701,52.09,93,0,3.44,clear sky
247,Asosa,ET,2022-07-15 23:29:39,10.0667,34.5333,59.38,96,95,2.3,overcast clouds
248,Sitka,US,2022-07-15 23:29:39,57.0531,-135.33,55.29,88,100,4.61,overcast clouds
249,Lavrentiya,RU,2022-07-15 23:26:09,65.5833,-171.0,47.32,59,10,3.2,clear sky
250,Lagoa,PT,2022-07-15 23:29:40,39.05,-27.9833,69.04,92,34,12.55,scattered clouds
251,Fioletovo,AM,2022-07-15 23:29:40,40.7224,44.7177,56.84,79,0,1.43,clear sky
252,Bambous Virieux,MU,2022-07-15 23:29:40,-20.3428,57.7575,68.22,94,75,11.5,light rain
253,Iralaya,HN,2022-07-15 23:29:41,15.0,-83.2333,81.12,81,100,8.12,overcast clouds
254,Kasongo-Lunda,CD,2022-07-15 23:29:41,-6.4667,16.8167,70.16,38,50,0.87,scattered clouds
255,Megion,RU,2022-07-15 23:29:41,61.0296,76.1136,50.02,76,98,6.46,light rain
256,Thompson,CA,2022-07-15 23:29:42,55.7435,-97.8558,82.56,32,20,10.36,few clouds
257,Wawa,NG,2022-07-15 23:29:42,9.9022,4.4192,74.32,89,100,8.01,light rain
258,Robertsport,LR,2022-07-15 23:29:42,6.7533,-11.3686,76.75,84,100,12.33,light rain
259,Petropavlovsk-Kamchatskiy,RU,2022-07-15 23:29:43,53.0452,158.6483,73.99,60,0,11.18,clear sky
260,San Cristobal,VE,2022-07-15 23:29:43,7.7669,-72.225,75.38,86,41,3.4,scattered clouds
261,Muroto,JP,2022-07-15 23:29:43,33.2833,134.15,76.5,90,100,6.51,overcast clouds
262,Tiarei,PF,2022-07-15 23:29:44,-17.5333,-149.3333,80.62,72,22,25.48,few clouds
263,Csakvar,HU,2022-07-15 23:29:44,47.3918,18.465,64.36,56,85,5.19,overcast clouds
264,Katima Mulilo,NA,2022-07-15 23:29:44,-17.5,24.2667,54.79,41,0,4.5,clear sky
265,Cabo San Lucas,MX,2022-07-15 23:27:32,22.8909,-109.9124,92.61,45,0,11.5,clear sky
266,Luganville,VU,2022-07-15 23:29:45,-15.5333,167.1667,78.48,83,70,11.1,broken clouds
267,Erenhot,CN,2022-07-15 23:29:45,43.6475,111.9767,76.21,40,68,2.46,broken clouds
268,Victoria Falls,ZW,2022-07-15 23:29:45,-17.9235,25.843,55.09,41,0,6.24,clear sky
269,Nanortalik,GL,2022-07-15 23:29:46,60.1432,-45.2371,41.56,93,47,10.69,scattered clouds
270,Constitucion,CL,2022-07-15 23:29:46,-35.3333,-72.4167,45.16,86,100,8.28,moderate rain
271,Pontivy,FR,2022-07-15 23:27:38,48.0,-3.0,65.28,64,68,11.39,broken clouds
272,Leshukonskoye,RU,2022-07-15 23:29:46,64.8989,45.7622,65.52,98,98,7.85,overcast clouds
273,Praia,CV,2022-07-15 23:29:47,14.9215,-23.5087,75.74,78,40,10.36,scattered clouds
274,Turan,VN,2022-07-15 23:29:47,16.0678,108.2208,80.58,89,0,3.44,clear sky
275,Monticello,US,2022-07-15 23:28:00,45.3055,-93.7941,90.03,57,40,3.44,scattered clouds
276,Mamakan,RU,2022-07-15 23:29:47,57.8161,114.0028,65.89,83,97,3.24,overcast clouds
277,Eureka,US,2022-07-15 23:29:48,40.8021,-124.1637,81.68,73,5,8.99,clear sky
278,Vardo,NO,2022-07-15 23:29:48,70.3705,31.1107,55.38,88,100,2.3,mist
279,Bugojno,BA,2022-07-15 23:29:48,44.0572,17.4508,62.24,77,5,2.19,clear sky
280,Riverton,US,2022-07-15 23:27:01,40.5219,-111.9391,90.79,38,0,3.0,clear sky
281,Tiksi,RU,2022-07-15 23:29:49,71.6872,128.8694,40.24,82,96,4.47,overcast clouds
282,Jardim,BR,2022-07-15 23:29:49,-21.4803,-56.1381,77.22,39,93,5.35,overcast clouds
283,Smirnykh,RU,2022-07-15 23:29:49,49.75,142.8333,58.5,86,99,5.1,overcast clouds
284,Harlingen,US,2022-07-15 23:25:06,26.1906,-97.6961,93.29,39,0,9.22,clear sky
285,Innisfail,AU,2022-07-15 23:29:50,-17.5333,146.0333,70.65,75,67,10.25,broken clouds
286,Kota Belud,MY,2022-07-15 23:29:50,6.351,116.4305,77.65,77,97,3.42,overcast clouds
287,Antofagasta,CL,2022-07-15 23:29:50,-23.65,-70.4,56.48,82,0,6.02,clear sky
288,Sudbury,CA,2022-07-15 23:26:06,46.49,-80.99,72.57,46,100,6.98,overcast clouds
289,Namatanai,PG,2022-07-15 23:29:51,-3.6667,152.4333,82.35,71,81,5.39,broken clouds
290,Mitzic,GA,2022-07-15 23:29:51,0.7821,11.549,66.13,93,34,3.09,scattered clouds
291,Liverpool,GB,2022-07-15 23:29:51,53.4106,-2.9779,60.62,84,20,5.75,few clouds
292,Dibulla,CO,2022-07-15 23:29:52,11.2725,-73.3091,79.0,86,15,2.57,few clouds
293,Ulladulla,AU,2022-07-15 23:29:52,-35.35,150.4667,47.68,66,88,5.75,overcast clouds
294,Keti Bandar,PK,2022-07-15 23:29:52,24.1447,67.4497,82.54,84,99,20.6,overcast clouds
295,Mogadishu,SO,2022-07-15 23:27:38,2.0371,45.3438,76.12,83,100,18.59,overcast clouds
296,Puerto Rico,AR,2022-07-15 23:29:53,-26.796,-55.024,72.12,64,100,4.0,overcast clouds
297,Panguna,PG,2022-07-15 23:29:53,-6.3164,155.4848,78.98,61,77,2.28,broken clouds
298,Humaita,BR,2022-07-15 23:29:53,-7.5061,-63.0208,84.18,52,24,0.92,few clouds
299,Pastavy,BY,2022-07-15 23:29:54,55.1168,26.8326,50.29,97,26,9.8,scattered clouds
300,Bahia Honda,CU,2022-07-15 23:29:54,22.9036,-83.1592,83.14,65,90,9.13,overcast clouds
301,Hekinan,JP,2022-07-15 23:29:54,34.8833,136.9833,80.19,94,75,4.61,moderate rain
302,Lorengau,PG,2022-07-15 23:29:55,-2.0226,147.2712,82.4,73,70,11.79,broken clouds
303,Sembe,CG,2022-07-15 23:29:55,1.6481,14.5806,71.31,92,88,2.84,overcast clouds
304,Batabano,CU,2022-07-15 23:29:55,22.7164,-82.2881,86.72,64,82,5.08,broken clouds
305,Sungairaya,ID,2022-07-15 23:29:56,0.7,108.9,77.54,86,78,3.65,broken clouds
306,Florianopolis,BR,2022-07-15 23:25:11,-27.6146,-48.5012,67.41,94,0,5.75,clear sky
307,Zalantun,CN,2022-07-15 23:29:56,48.0,122.7167,68.34,92,100,6.29,light rain
308,Hamilton,US,2022-07-15 23:29:56,39.1834,-84.5333,84.09,56,75,11.5,broken clouds
309,Geraldton,AU,2022-07-15 23:29:57,-28.7667,114.6,50.41,93,1,12.66,clear sky
310,Chicama,PE,2022-07-15 23:29:57,-7.8447,-79.1469,59.54,77,11,9.82,few clouds
311,Binzhou,CN,2022-07-15 23:29:57,37.3667,118.0167,82.4,67,56,4.47,broken clouds
312,Kahului,US,2022-07-15 23:29:58,20.8947,-156.47,87.82,64,40,26.46,scattered clouds
313,Pisco,PE,2022-07-15 23:29:58,-13.7,-76.2167,62.65,77,25,14.97,haze
314,Sumbuya,SL,2022-07-15 23:29:58,7.6467,-11.9611,73.65,93,100,2.46,overcast clouds
315,Buala,SB,2022-07-15 23:29:58,-8.145,159.5921,83.52,70,77,7.99,broken clouds
316,Quatre Cocos,MU,2022-07-15 23:29:59,-20.2078,57.7625,68.09,81,93,17.45,light rain
317,Aberfoyle,AU,2022-07-15 23:29:59,-30.2667,152.0167,44.35,42,98,3.0,overcast clouds
318,Pevek,RU,2022-07-15 23:29:59,69.7008,170.3133,38.97,65,100,2.17,overcast clouds
319,Kirensk,RU,2022-07-15 23:30:00,57.7853,108.1119,58.51,90,98,1.05,overcast clouds
320,Ekhabi,RU,2022-07-15 23:30:00,53.5102,142.9671,62.73,67,100,13.8,overcast clouds
321,Husavik,IS,2022-07-15 23:30:00,66.0449,-17.3389,51.28,78,44,5.55,scattered clouds
322,Trinidad,BO,2022-07-15 23:30:01,-14.8333,-64.9,82.38,74,75,5.75,broken clouds
323,Nelson,NZ,2022-07-15 23:28:40,-41.2833,173.2833,45.28,91,20,0.65,few clouds
324,Quelimane,MZ,2022-07-15 23:30:01,-17.8786,36.8883,66.15,94,75,8.05,broken clouds
325,Urumqi,CN,2022-07-15 23:28:02,43.801,87.6005,70.75,33,0,0.0,clear sky
326,Hasaki,JP,2022-07-15 23:30:03,35.7333,140.8333,75.29,92,99,10.07,light rain
327,Krasnoselkup,RU,2022-07-15 23:30:03,65.7,82.4667,59.18,60,99,9.55,overcast clouds
328,Joshimath,IN,2022-07-15 23:30:03,30.5667,79.5667,68.77,72,51,2.53,broken clouds
329,Hirara,JP,2022-07-15 23:30:04,24.8,125.2833,85.86,94,75,5.75,broken clouds
330,Karema,TZ,2022-07-15 23:30:05,-6.8205,30.4389,70.72,52,49,7.54,scattered clouds
331,Kalmunai,LK,2022-07-15 23:30:05,7.4167,81.8167,79.43,71,100,1.81,overcast clouds
332,Pierre,US,2022-07-15 23:29:41,44.3683,-100.351,92.28,48,0,5.75,clear sky
333,Bartica,GY,2022-07-15 23:30:06,6.4,-58.6167,79.12,97,97,2.3,overcast clouds
334,Namibe,AO,2022-07-15 23:30:06,-15.1961,12.1522,65.35,88,33,5.44,scattered clouds
335,Coahuayana,MX,2022-07-15 23:30:07,18.7333,-103.6833,80.06,85,97,0.89,overcast clouds
336,Reni,UA,2022-07-15 23:30:07,45.4573,28.2932,70.32,65,39,13.44,scattered clouds
337,Carballo,ES,2022-07-15 23:28:52,43.213,-8.691,65.89,90,60,2.26,broken clouds
338,Solnechnyy,RU,2022-07-15 23:30:08,50.7214,136.6319,74.19,67,80,5.08,broken clouds
339,Kerrville,US,2022-07-15 23:30:09,30.0474,-99.1403,94.44,44,40,12.66,scattered clouds
340,Marathon,US,2022-07-15 23:30:09,44.9,-89.7668,74.73,75,100,9.22,overcast clouds
341,Sabha,LY,2022-07-15 23:30:09,27.0377,14.4283,79.18,26,0,8.84,clear sky
342,Skibbereen,IE,2022-07-15 23:30:10,51.55,-9.2667,60.12,90,73,3.42,broken clouds
343,Cape Coast,GH,2022-07-15 23:30:11,5.1053,-1.2466,75.29,89,90,11.88,light rain
344,Faanui,PF,2022-07-15 23:30:12,-16.4833,-151.75,77.7,59,69,19.08,broken clouds
345,Aguimes,ES,2022-07-15 23:30:14,27.9054,-15.4461,68.67,73,20,26.46,few clouds
346,Maragogi,BR,2022-07-15 23:30:14,-9.0122,-35.2225,74.32,85,2,9.78,clear sky
347,Tiznit,MA,2022-07-15 23:30:15,29.5833,-9.5,75.6,57,39,1.52,scattered clouds
348,Ariquemes,BR,2022-07-15 23:28:32,-9.9133,-63.0408,81.05,53,100,2.28,overcast clouds
349,Maldonado,UY,2022-07-15 23:30:15,-34.6667,-54.9167,51.22,99,97,4.05,overcast clouds
350,Rudnichnyy,RU,2022-07-15 23:30:16,59.617,52.4703,56.8,97,99,4.14,overcast clouds
351,Taoudenni,ML,2022-07-15 23:30:18,22.6783,-3.9836,98.73,5,0,18.88,clear sky
352,Conde,BR,2022-07-15 23:30:18,-7.2597,-34.9075,74.66,83,75,12.66,broken clouds
353,Houston,US,2022-07-15 23:28:02,29.7633,-95.3633,89.42,71,75,13.8,broken clouds
354,Flinders,AU,2022-07-15 23:30:19,-34.5833,150.8552,50.25,67,92,4.72,overcast clouds
355,Shimoda,JP,2022-07-15 23:30:19,34.6667,138.95,77.36,90,100,8.03,heavy intensity rain
356,Fethiye,TR,2022-07-15 23:30:20,36.6217,29.1164,73.27,50,0,3.8,clear sky
357,Balikpapan,ID,2022-07-15 23:30:20,-1.2675,116.8289,79.79,94,20,3.44,few clouds
358,La Paz Centro,NI,2022-07-15 23:30:21,12.34,-86.6753,81.12,72,87,8.77,overcast clouds
359,Severo-Kurilsk,RU,2022-07-15 23:30:21,50.6789,156.125,56.62,89,85,8.97,overcast clouds
360,Port Blair,IN,2022-07-15 23:30:18,11.6667,92.75,78.84,94,100,3.44,thunderstorm
361,Chifeng,CN,2022-07-15 23:30:21,42.2683,118.9636,72.23,74,87,5.95,overcast clouds
362,Champerico,GT,2022-07-15 23:30:22,14.3,-91.9167,77.54,86,96,11.12,overcast clouds
363,North Bend,US,2022-07-15 23:30:15,43.4065,-124.2243,76.24,80,0,10.36,clear sky
364,Tevaitoa,PF,2022-07-15 23:30:22,-16.7833,-151.5,77.45,62,51,19.75,broken clouds
365,Karpathos,GR,2022-07-15 23:30:23,35.507,27.2132,73.36,83,0,26.46,clear sky
366,Tromso,NO,2022-07-15 23:30:23,69.6496,18.957,50.38,81,100,6.91,overcast clouds
367,Troitskoye,RU,2022-07-15 23:30:23,52.9821,84.6757,56.05,79,45,4.79,scattered clouds
368,Belaya Gora,RU,2022-07-15 23:30:24,68.5333,146.4167,66.61,57,55,15.95,broken clouds
369,Green Valley,US,2022-07-15 23:30:01,31.8543,-110.9937,106.57,52,55,20.04,broken clouds
370,Rawson,AR,2022-07-15 23:30:24,-43.3002,-65.1023,40.95,78,75,10.58,broken clouds
371,Ambon,ID,2022-07-15 23:30:25,-3.6954,128.1814,81.23,13,40,10.36,light rain
372,Sawtell,AU,2022-07-15 23:30:25,-30.3833,153.1,59.02,63,85,5.75,overcast clouds
373,Salinas,US,2022-07-15 23:29:55,36.6777,-121.6555,93.56,63,0,18.41,clear sky
374,Luocheng,CN,2022-07-15 23:30:26,29.3848,104.0286,77.76,97,99,7.83,overcast clouds
375,Russell,US,2022-07-15 23:30:26,32.3502,-85.1999,90.63,89,0,0.0,clear sky
376,Bilma,NE,2022-07-15 23:30:26,18.6853,12.9164,81.57,58,94,4.81,overcast clouds
377,Plattling,DE,2022-07-15 23:30:27,48.7833,12.8667,63.79,63,51,3.18,broken clouds
378,Great Falls,US,2022-07-15 23:26:40,47.5002,-111.3008,94.39,21,0,21.85,clear sky
379,Ossora,RU,2022-07-15 23:30:27,59.2353,163.0719,60.17,76,32,6.51,scattered clouds
380,Bonavista,CA,2022-07-15 23:30:28,48.6499,-53.1147,55.63,97,79,7.49,broken clouds
381,Nocupetaro,MX,2022-07-15 23:30:28,19.05,-101.15,82.0,68,81,3.47,broken clouds
382,Komatipoort,ZA,2022-07-15 23:30:28,-25.4332,31.9548,58.05,90,0,4.68,clear sky
383,Luderitz,NA,2022-07-15 23:30:29,-26.6481,15.1594,70.97,26,0,6.67,clear sky
384,Tocopilla,CL,2022-07-15 23:30:29,-22.092,-70.1979,57.6,61,0,8.16,clear sky
385,Lerwick,GB,2022-07-15 23:30:30,60.1545,-1.1494,48.2,84,24,8.95,few clouds
386,Whitehorse,CA,2022-07-15 23:29:31,60.7161,-135.0538,64.09,75,75,2.3,broken clouds
387,Baykit,RU,2022-07-15 23:30:30,61.67,96.37,51.01,98,95,1.48,light rain
388,Sakakah,SA,2022-07-15 23:30:31,29.9697,40.2064,87.37,24,0,9.4,clear sky
389,Eyl,SO,2022-07-15 23:30:31,7.9803,49.8164,79.84,66,46,27.07,scattered clouds
390,Kholmogory,RU,2022-07-15 23:30:31,64.2229,41.656,57.02,99,99,3.15,overcast clouds
391,Macau,MO,2022-07-15 23:30:32,22.2006,113.5461,86.86,89,20,12.66,few clouds
392,Pinheiro Machado,BR,2022-07-15 23:30:32,-31.5783,-53.3811,58.05,98,58,4.38,broken clouds
393,Mezen,RU,2022-07-15 23:30:32,65.8522,44.24,64.69,98,100,8.12,overcast clouds
394,Havre-Saint-Pierre,CA,2022-07-15 23:30:33,50.2334,-63.5986,61.16,77,100,6.91,overcast clouds
395,Tura,IN,2022-07-15 23:30:33,25.5198,90.2201,74.52,96,7,4.34,clear sky
396,Ripoll,ES,2022-07-15 23:30:33,42.2006,2.1903,72.37,61,3,1.01,clear sky
397,Abha,SA,2022-07-15 23:30:34,18.2164,42.5053,71.42,60,40,3.44,scattered clouds
398,Korla,CN,2022-07-15 23:30:34,41.7597,86.1469,75.52,41,100,17.02,light rain
399,Sobolevo,RU,2022-07-15 23:30:34,54.4299,31.8996,49.64,97,2,6.73,clear sky
400,Santa Fe,AR,2022-07-15 23:28:31,-31.6333,-60.7,54.0,71,33,8.01,scattered clouds
401,Siderno,IT,2022-07-15 23:30:35,38.2779,16.302,74.34,73,0,9.73,clear sky
402,Ishigaki,JP,2022-07-15 23:30:35,24.3448,124.1572,86.13,89,75,4.61,broken clouds
403,Portobelo,PA,2022-07-15 23:30:35,9.55,-79.65,82.96,87,54,10.11,broken clouds
404,Taree,AU,2022-07-15 23:30:36,-31.9,152.4667,54.82,58,97,2.37,overcast clouds
405,Flin Flon,CA,2022-07-15 23:30:36,54.7682,-101.865,85.84,35,75,13.8,broken clouds
406,Wanning,CN,2022-07-15 23:30:36,18.8003,110.3967,83.61,85,80,7.47,broken clouds
407,Banganapalle,IN,2022-07-15 23:30:37,15.3167,78.2333,78.57,70,100,15.01,overcast clouds
408,Goure,NE,2022-07-15 23:30:37,13.9835,10.2704,77.88,71,100,4.79,light rain
409,Zharkent,KZ,2022-07-15 23:30:37,44.1628,80.0,70.02,42,0,6.13,clear sky
410,Vidim,RU,2022-07-15 23:30:38,56.4088,103.1106,51.93,98,100,1.68,light rain
411,Northam,GB,2022-07-15 23:30:38,51.0333,-4.2167,55.62,91,97,2.64,overcast clouds
412,Vicuna,CL,2022-07-15 23:30:38,-30.0319,-70.7081,38.93,88,100,4.83,moderate rain
413,Okhotsk,RU,2022-07-15 23:30:39,59.3833,143.3,61.14,84,100,5.88,overcast clouds
414,Basco,PH,2022-07-15 23:30:39,20.4487,121.9702,84.94,83,100,20.6,overcast clouds
415,Floro,NO,2022-07-15 23:30:39,61.5996,5.0328,51.76,76,100,12.66,overcast clouds
416,Bonnyville,CA,2022-07-15 23:30:40,54.2668,-110.735,84.0,63,47,5.06,scattered clouds
417,West Wendover,US,2022-07-15 23:30:40,40.7391,-114.0733,92.41,22,0,10.36,clear sky
418,Saint Anthony,US,2022-07-15 23:30:16,45.0205,-93.218,90.01,54,75,11.5,broken clouds
419,Shingu,JP,2022-07-15 23:30:41,33.7333,135.9833,73.15,97,100,4.21,moderate rain
420,Cockburn Town,TC,2022-07-15 23:28:55,21.4612,-71.1419,82.36,78,40,17.27,scattered clouds
421,Gizo,SB,2022-07-15 23:30:41,-8.103,156.8419,82.92,73,54,14.61,light rain
422,Coquimbo,CL,2022-07-15 23:29:28,-29.9533,-71.3436,46.13,93,100,4.61,overcast clouds
423,Mujiayingzi,CN,2022-07-15 23:30:42,42.1167,118.7833,71.01,76,84,5.68,broken clouds
424,Yenagoa,NG,2022-07-15 23:30:42,4.9247,6.2642,73.4,91,98,4.07,overcast clouds
425,Arlit,NE,2022-07-15 23:30:42,18.7369,7.3853,91.81,11,6,12.08,clear sky
426,Terme,TR,2022-07-15 23:30:43,41.2092,36.9739,67.93,91,17,6.71,few clouds
427,Madingou,CG,2022-07-15 23:30:43,-4.1536,13.55,71.37,76,14,4.09,few clouds
428,Crossville,US,2022-07-15 23:30:00,35.949,-85.0269,85.3,49,0,5.75,clear sky
429,Aki,JP,2022-07-15 23:30:44,33.5,133.9,76.95,92,100,4.43,overcast clouds
430,Lano,NG,2022-07-15 23:30:44,10.1725,11.4715,73.96,86,100,1.59,overcast clouds
431,Talcahuano,CL,2022-07-15 23:30:44,-36.7167,-73.1167,46.08,81,75,5.75,broken clouds
432,San Luis,AR,2022-07-15 23:30:15,-33.295,-66.3356,35.11,98,100,10.13,snow
433,Porosozero,RU,2022-07-15 23:30:45,62.7191,32.727,48.94,94,20,2.91,few clouds
434,Kondinskoye,RU,2022-07-15 23:30:45,59.6481,67.41,64.45,89,62,4.41,broken clouds
435,Mercedes,AR,2022-07-15 23:30:45,-34.6515,-59.4307,51.04,83,65,8.86,broken clouds
436,Trincomalee,LK,2022-07-15 23:30:46,8.5711,81.2335,80.11,78,99,20.76,overcast clouds
437,Pangai,TO,2022-07-15 23:30:46,-19.8,-174.35,82.51,78,40,13.8,scattered clouds
438,College,US,2022-07-15 23:30:46,64.8569,-147.8028,72.07,40,75,9.22,broken clouds
439,Voyvozh,RU,2022-07-15 23:30:46,62.892,54.9635,61.61,97,83,4.85,broken clouds
440,Taiyuan,CN,2022-07-15 23:28:59,37.8694,112.5603,71.46,83,20,2.24,mist
441,Muravlenko,RU,2022-07-15 23:30:47,63.7898,74.523,57.43,60,29,8.63,scattered clouds
442,Sharjah,AE,2022-07-15 23:27:15,25.3573,55.4033,96.78,40,0,6.91,clear sky
443,Veraval,IN,2022-07-15 23:30:47,20.9,70.3667,81.34,86,99,22.26,overcast clouds
444,Alpena,US,2022-07-15 23:30:48,45.0617,-83.4327,71.92,81,0,4.61,clear sky
445,Hanna,CA,2022-07-15 23:30:23,51.6334,-111.9018,88.86,26,0,4.0,clear sky
446,Omsukchan,RU,2022-07-15 23:30:48,62.5333,155.8,78.33,34,10,3.24,clear sky
447,Farmington,US,2022-07-15 23:30:49,36.7281,-108.2187,92.77,23,40,18.41,scattered clouds
448,Labuhan,ID,2022-07-15 23:30:49,-6.8844,112.2051,77.85,85,82,6.6,broken clouds
449,Kiknur,RU,2022-07-15 23:30:49,57.3034,47.2011,57.97,94,38,6.49,scattered clouds
450,Saint-Georges,GD,2022-07-15 23:30:49,12.0564,-61.7485,80.28,83,20,13.8,few clouds
451,Dubreka,GN,2022-07-15 23:30:50,9.7911,-13.5233,78.87,92,100,1.14,light rain
452,Mastic Beach,US,2022-07-15 23:30:50,40.7668,-72.8521,78.78,71,0,8.01,clear sky
453,Santo Estevao,BR,2022-07-15 23:30:50,-12.4303,-39.2514,64.71,97,38,3.71,scattered clouds
454,Takoradi,GH,2022-07-15 23:27:09,4.8845,-1.7554,75.33,89,90,11.39,light rain
455,Kiama,AU,2022-07-15 23:30:51,-34.6833,150.8667,50.45,63,93,5.01,overcast clouds
456,Nelson Bay,AU,2022-07-15 23:30:51,-32.7167,152.15,55.0,85,76,4.0,broken clouds
457,Oktyabrskiy,RU,2022-07-15 23:30:51,54.4815,53.471,60.6,95,77,9.75,broken clouds
458,Kuliyapitiya,LK,2022-07-15 23:30:52,7.4688,80.0401,80.28,91,100,5.35,overcast clouds
459,San Carlos De Bariloche,AR,2022-07-15 23:30:09,-41.1456,-71.3082,29.95,74,75,12.66,broken clouds
460,Namtsy,RU,2022-07-15 23:30:52,62.7161,129.6658,77.32,64,93,2.3,overcast clouds
461,Johi,PK,2022-07-15 23:30:53,26.6921,67.6133,82.0,77,99,12.97,overcast clouds
462,Druskininkai,LT,2022-07-15 23:30:53,54.0167,23.9667,48.65,97,14,5.73,few clouds
463,Tilichiki,RU,2022-07-15 23:30:53,60.4667,166.1,58.71,71,25,8.37,scattered clouds
464,Katherine,AU,2022-07-15 23:30:53,-14.4667,132.2667,61.12,82,60,6.91,broken clouds
465,Lyaskelya,RU,2022-07-15 23:30:54,61.7667,31.0167,51.93,92,64,2.64,broken clouds
466,Tabuk,PH,2022-07-15 23:30:54,17.4189,121.4443,80.76,81,99,3.0,overcast clouds
467,Turbat,PK,2022-07-15 23:30:54,26.0023,63.044,87.28,69,100,1.99,overcast clouds
468,Pedernales,DO,2022-07-15 23:30:55,18.0384,-71.744,82.33,75,97,2.62,overcast clouds
469,Humpolec,CZ,2022-07-15 23:30:55,49.5415,15.3593,52.25,87,68,3.58,broken clouds
470,Arrifes,PT,2022-07-15 23:30:56,37.7667,-25.7,68.25,73,40,10.36,scattered clouds
471,Srivardhan,IN,2022-07-15 23:30:56,18.0333,73.0167,80.24,86,100,19.06,overcast clouds
472,Valparaiso,CL,2022-07-15 23:29:20,-33.0393,-71.6273,49.48,88,75,9.22,broken clouds
473,Klaksvik,FO,2022-07-15 23:30:56,62.2266,-6.589,49.12,76,39,3.91,scattered clouds
474,Codrington,AU,2022-07-15 23:30:57,-38.2667,141.9667,48.33,83,99,18.84,overcast clouds
475,Paita,PE,2022-07-15 23:30:51,-5.0892,-81.1144,64.78,75,0,20.8,clear sky
476,Grand-Lahou,CI,2022-07-15 23:30:57,5.1367,-5.0242,75.04,90,77,10.74,light rain
477,Cacapava Do Sul,BR,2022-07-15 23:30:57,-30.5122,-53.4914,57.47,98,67,3.36,broken clouds
478,Calabozo,VE,2022-07-15 23:30:58,8.9242,-67.4293,77.31,82,100,2.33,overcast clouds
479,Oistins,BB,2022-07-15 23:30:58,13.0667,-59.5333,81.52,83,40,20.71,scattered clouds
480,San Jose,US,2022-07-15 23:29:18,37.3394,-121.895,89.69,49,0,13.8,clear sky
481,Arman,RU,2022-07-15 23:30:58,59.7,150.1667,70.02,77,91,5.1,overcast clouds
482,Acari,PE,2022-07-15 23:30:59,-15.4311,-74.6158,61.7,80,46,6.38,scattered clouds
483,Charters Towers,AU,2022-07-15 23:30:59,-20.1,146.2667,64.89,64,52,18.16,broken clouds
484,Baruun-Urt,MN,2022-07-15 23:30:59,46.6806,113.2792,63.52,85,99,8.39,overcast clouds
485,Daru,PG,2022-07-15 23:31:00,-9.0763,143.2092,78.17,68,52,16.64,broken clouds
486,Dekar,BW,2022-07-15 23:31:00,-21.5333,21.9333,51.58,35,0,8.25,clear sky
487,Anadyr,RU,2022-07-15 23:31:00,64.75,177.4833,54.1,54,0,13.42,clear sky
488,Nome,US,2022-07-15 23:31:01,64.5011,-165.4064,64.11,63,0,11.5,clear sky
489,Borogontsy,RU,2022-07-15 23:31:01,62.6683,131.1683,75.79,72,94,2.35,overcast clouds
490,Suihua,CN,2022-07-15 23:31:01,46.6406,126.9969,73.13,66,43,13.09,scattered clouds
491,Meulaboh,ID,2022-07-15 23:31:02,4.1363,96.1285,76.33,86,71,3.58,broken clouds
492,Hargeysa,SO,2022-07-15 23:31:02,9.56,44.065,67.8,74,96,29.35,overcast clouds
493,Thunder Bay,CA,2022-07-15 23:30:17,48.4001,-89.3168,76.98,61,20,12.66,few clouds
494,Karasjok,NO,2022-07-15 23:31:03,69.4719,25.5112,56.46,95,68,9.42,broken clouds
495,Mpongwe,ZM,2022-07-15 23:31:03,-13.5091,28.155,57.13,58,9,6.08,clear sky
496,Carutapera,BR,2022-07-15 23:31:04,-1.195,-46.02,75.42,87,74,6.29,broken clouds
497,Alencon,FR,2022-07-15 23:31:04,48.4333,0.0833,55.94,57,6,6.15,clear sky
498,Kurya,RU,2022-07-15 23:31:05,51.6003,82.2888,60.31,77,47,1.97,scattered clouds
499,Richmond,US,2022-07-15 23:28:36,37.5538,-77.4603,82.4,76,40,8.05,scattered clouds
500,Alice Springs,AU,2022-07-15 23:31:06,-23.7,133.8833,44.15,42,0,0.0,clear sky
501,Ziro,IN,2022-07-15 23:31:06,27.6333,93.8333,61.29,94,12,2.01,few clouds
502,Manicore,BR,2022-07-15 23:31:06,-5.8092,-61.3003,82.35,83,0,0.0,clear sky
503,Zhezkazgan,KZ,2022-07-15 23:31:07,47.8043,67.7144,71.58,37,0,8.95,clear sky
504,San Juan,AR,2022-07-15 23:30:41,-31.5375,-68.5364,38.17,94,100,10.31,overcast clouds
505,Kavaratti,IN,2022-07-15 23:31:07,10.5669,72.642,81.64,77,85,17.4,overcast clouds
506,Biak,ID,2022-07-15 23:31:08,-0.9131,122.8766,74.43,87,100,4.85,light rain
507,Reichenau,PL,2022-07-15 23:31:08,50.9075,14.9563,56.71,88,82,2.53,broken clouds
508,Novobirilyussy,RU,2022-07-15 23:31:09,56.9514,90.6661,54.79,90,85,0.34,overcast clouds
509,Marienburg,PL,2022-07-15 23:31:09,54.0359,19.0266,56.12,80,65,8.77,broken clouds
510,North Augusta,US,2022-07-15 23:26:30,33.5018,-81.9651,86.31,76,20,8.05,few clouds
511,Aswan,EG,2022-07-15 23:31:10,24.0934,32.907,83.88,29,12,10.47,few clouds
512,Komsomolskiy,UZ,2022-07-15 23:31:10,40.4272,71.7189,74.12,31,0,4.61,clear sky
513,Royal Tunbridge Wells,GB,2022-07-15 23:31:10,51.1325,0.2633,64.89,1,27,4.99,scattered clouds
514,Porto Santo,PT,2022-07-15 23:31:11,33.072,-16.3415,68.38,77,75,10.36,broken clouds
515,Ilhabela,BR,2022-07-15 23:31:11,-23.7781,-45.3581,71.85,67,96,5.08,overcast clouds
516,Greymouth,NZ,2022-07-15 23:27:34,-42.4667,171.2,43.43,84,97,7.94,overcast clouds
517,Abong Mbang,CM,2022-07-15 23:31:12,3.9833,13.1833,66.38,98,93,3.2,overcast clouds
518,Tornio,FI,2022-07-15 23:31:12,65.8481,24.1466,50.02,81,98,6.71,overcast clouds
519,Auki,SB,2022-07-15 23:31:13,-8.7676,160.7034,84.78,60,98,4.21,overcast clouds
520,Qingdao,CN,2022-07-15 23:31:13,36.0986,120.3719,82.0,83,23,2.24,mist
521,Fort Frances,CA,2022-07-15 23:30:15,48.5999,-93.4003,84.42,52,0,9.22,clear sky
522,Zyryanka,RU,2022-07-15 23:31:14,65.75,150.85,77.94,43,88,3.04,overcast clouds
523,Tirumullaivasal,IN,2022-07-15 23:31:14,11.2333,79.8333,81.3,64,100,11.32,overcast clouds
524,Broome,US,2022-07-15 23:30:48,42.2506,-75.833,79.18,41,0,0.0,clear sky
525,Darhan,MN,2022-07-15 23:31:15,49.4867,105.9228,61.92,67,52,5.39,broken clouds
526,Pinega,RU,2022-07-15 23:31:15,64.7001,43.3936,61.12,98,100,3.94,overcast clouds
527,Uarini,BR,2022-07-15 23:31:15,-2.99,-65.1083,76.82,87,98,3.02,overcast clouds
528,Nyaunglebin,MM,2022-07-15 23:31:16,17.95,96.7333,77.13,93,100,3.13,overcast clouds
529,Jacareacanga,BR,2022-07-15 23:31:16,-6.2222,-57.7528,81.16,60,75,3.24,broken clouds
530,Dumabato,PH,2022-07-15 23:31:16,16.3167,121.7,82.15,77,100,0.98,overcast clouds
531,Kralendijk,BQ,2022-07-15 23:30:14,12.15,-68.2667,82.38,78,40,11.5,scattered clouds
532,Jose Bonifacio,BR,2022-07-15 23:31:17,-21.0528,-49.6883,78.06,38,77,6.29,broken clouds
533,Tecoanapa,MX,2022-07-15 23:31:18,16.5167,-98.75,81.34,86,100,8.55,overcast clouds
534,Noyabrsk,RU,2022-07-15 23:31:18,63.1994,75.4507,57.11,66,44,8.68,scattered clouds
535,Kulu,TR,2022-07-15 23:31:18,39.0951,33.0799,65.16,65,0,5.64,clear sky
536,Muli,MV,2022-07-15 23:31:19,2.9167,73.5667,82.74,76,88,11.01,overcast clouds
537,Concepcion Del Uruguay,AR,2022-07-15 23:31:02,-32.4825,-58.2372,52.99,99,100,1.99,overcast clouds
538,Aklavik,CA,2022-07-15 23:31:19,68.2191,-135.0107,57.2,58,75,2.3,broken clouds
539,Kalga,RU,2022-07-15 23:31:20,50.9251,118.898,67.59,89,98,5.32,light rain
540,Guymon,US,2022-07-15 23:28:38,36.6828,-101.4816,104.0,15,0,9.22,clear sky
541,Hervey Bay,AU,2022-07-15 23:31:20,-25.2986,152.8535,64.33,65,33,10.16,scattered clouds
542,Cuiluan,CN,2022-07-15 23:31:21,47.72,128.648,70.99,76,76,8.75,broken clouds
543,San Andres,CO,2022-07-15 23:31:21,12.5847,-81.7006,84.22,74,40,11.5,scattered clouds
544,Urengoy,RU,2022-07-15 23:31:21,65.9667,78.3667,58.23,57,99,6.26,overcast clouds
545,Lasa,IT,2022-07-15 23:31:22,46.6166,10.7002,72.48,89,5,3.76,clear sky
546,Sioux Lookout,CA,2022-07-15 23:31:22,50.1001,-91.917,82.47,47,20,12.66,few clouds
547,Mitsamiouli,KM,2022-07-15 23:31:23,-11.3847,43.2844,76.39,67,8,13.06,clear sky
548,Presidente Medici,BR,2022-07-15 23:31:23,-11.1753,-61.9014,79.99,52,100,3.58,overcast clouds
549,Vicente Guerrero,MX,2022-07-15 23:31:23,19.1194,-98.1708,63.79,77,100,1.36,overcast clouds
550,Saint George,US,2022-07-15 23:27:21,37.1041,-113.5841,105.8,19,0,10.36,clear sky
551,Nioro,GM,2022-07-15 23:31:24,13.35,-15.75,79.39,84,92,4.88,moderate rain
552,Matagami,CA,2022-07-15 23:31:24,49.7502,-77.6328,73.51,43,0,6.91,clear sky
553,Cavalcante,BR,2022-07-15 23:31:25,-13.7975,-47.4583,69.51,45,3,3.98,clear sky
554,Tuy Hoa,VN,2022-07-15 23:26:39,13.0833,109.3,78.75,85,50,4.03,scattered clouds
555,Boueni,YT,2022-07-15 23:31:25,-12.9025,45.0761,75.18,75,3,20.62,clear sky
556,Kislovodsk,RU,2022-07-15 23:31:26,43.9133,42.7208,60.44,82,5,4.9,clear sky
557,Henties Bay,NA,2022-07-15 23:31:26,-22.116,14.2845,70.77,30,0,12.08,clear sky
558,Palmer,US,2022-07-15 23:27:22,42.1584,-72.3287,82.0,49,40,6.91,scattered clouds
559,Alofi,NU,2022-07-15 23:31:27,-19.0595,-169.9187,82.29,61,55,16.11,broken clouds
560,Aksu,CN,2022-07-15 23:31:27,41.1231,80.2644,70.29,52,37,3.56,scattered clouds
561,Saint-Pierre,RE,2022-07-15 23:31:27,-21.3393,55.4781,66.9,72,40,6.91,scattered clouds
562,Sarankhola,BD,2022-07-15 23:31:27,22.3082,89.7897,82.06,84,33,9.73,scattered clouds
563,Mweka,CD,2022-07-15 23:31:28,-4.85,21.5667,76.05,47,54,1.1,broken clouds
564,Sovetskaya Gavan,RU,2022-07-15 23:31:28,48.9723,140.2878,61.88,72,88,8.63,overcast clouds
565,Halifax,CA,2022-07-15 23:27:41,44.6453,-63.5724,72.48,72,42,6.91,scattered clouds
566,Amboasary,MG,2022-07-15 23:31:29,-25.0333,46.3833,62.4,90,6,5.08,clear sky
567,Ayan,RU,2022-07-15 23:31:29,56.45,138.1667,58.17,88,99,6.76,overcast clouds
568,Mahibadhoo,MV,2022-07-15 23:31:29,3.7833,72.9667,82.42,75,41,8.52,scattered clouds
569,Suez,EG,2022-07-15 23:31:30,29.9737,32.5263,73.31,69,0,5.75,clear sky
570,Mersin,TR,2022-07-15 23:31:30,36.862,34.6509,76.69,78,1,7.07,clear sky
571,Agadez,NE,2022-07-15 23:31:30,19.75,10.25,78.93,65,17,20.98,few clouds
572,Itaqui,BR,2022-07-15 23:31:31,-29.1253,-56.5531,65.97,94,97,4.94,overcast clouds
573,Kurumkan,RU,2022-07-15 23:31:31,54.3,110.3,62.37,84,100,2.82,overcast clouds
574,Castletown,IE,2022-07-15 23:31:31,53.0281,-9.0686,54.72,91,91,0.72,overcast clouds
575,Berdigestyakh,RU,2022-07-15 23:31:32,62.0989,126.6992,76.51,64,68,6.22,broken clouds
576,Singkang,MY,2022-07-15 23:31:32,2.1006,102.7994,76.8,93,37,1.23,scattered clouds
577,Samarai,PG,2022-07-15 23:31:33,-10.6167,150.6667,78.37,70,99,15.97,overcast clouds
578,Galveston,US,2022-07-15 23:31:33,29.3669,-94.9669,86.18,77,0,9.22,clear sky
579,Capreol,CA,2022-07-15 23:31:33,46.706,-80.9225,72.07,40,75,13.8,broken clouds
580,Usinsk,RU,2022-07-15 23:31:34,65.9939,57.5281,69.49,71,28,6.55,scattered clouds
581,Carbondale,US,2022-07-15 23:31:34,37.7273,-89.2168,88.02,59,0,6.91,clear sky
582,Dingle,PH,2022-07-15 23:31:34,10.9995,122.6711,81.12,84,93,1.21,overcast clouds
583,El Retorno,CO,2022-07-15 23:31:35,2.3302,-72.6276,73.08,98,99,1.72,overcast clouds
584,Sangin,AF,2022-07-15 23:31:35,32.0728,64.8359,84.63,34,8,5.57,clear sky
585,Brae,GB,2022-07-15 23:31:35,60.3964,-1.353,49.03,81,19,8.95,few clouds
586,Beauceville,CA,2022-07-15 23:31:36,46.2179,-70.7787,73.06,40,31,4.61,scattered clouds
587,Vredendal,ZA,2022-07-15 23:31:36,-31.6683,18.5012,61.68,40,69,9.24,broken clouds
588,Kuala Lipis,MY,2022-07-15 23:31:36,4.1842,102.0468,74.03,97,74,0.43,broken clouds
589,Joquicingo,MX,2022-07-15 23:31:37,19.05,-99.4667,66.38,92,96,1.74,overcast clouds
590,Nanning,CN,2022-07-15 23:31:37,22.8167,108.3167,81.05,85,90,3.18,overcast clouds
591,Rocha,UY,2022-07-15 23:30:26,-34.4833,-54.3333,56.1,99,88,4.97,overcast clouds
592,Khartoum,SD,2022-07-15 23:26:47,15.5518,32.5324,83.01,70,33,17.92,scattered clouds
593,Kalabo,ZM,2022-07-15 23:31:38,-14.97,22.6814,53.92,47,0,6.89,clear sky
594,Asfi,MA,2022-07-15 23:31:38,32.2994,-9.2372,69.26,89,0,10.38,clear sky
595,Monrovia,LR,2022-07-15 23:29:29,6.3005,-10.7969,75.42,87,100,10.29,light rain
596,Llata,PE,2022-07-15 23:31:39,-9.4167,-76.7833,53.83,91,64,4.07,broken clouds
597,Thinadhoo,MV,2022-07-15 23:31:39,0.5333,72.9333,83.73,73,96,14.25,overcast clouds
598,Camopi,GF,2022-07-15 23:31:39,3.1655,-52.3158,72.27,99,87,2.8,overcast clouds
599,Mecca,SA,2022-07-15 23:31:40,21.4267,39.8261,88.84,26,82,5.91,broken clouds
600,Broken Hill,AU,2022-07-15 23:31:40,-31.95,141.4333,51.03,33,74,21.88,broken clouds
601,Nautanwa,IN,2022-07-15 23:31:40,27.4333,83.4167,86.29,64,0,8.46,clear sky
602,Kontagora,NG,2022-07-15 23:31:41,10.3999,5.4695,72.7,93,99,4.59,light rain
603,Aksarka,RU,2022-07-15 23:31:41,66.5606,67.7975,56.71,63,14,4.92,few clouds
604,Khasan,RU,2022-07-15 23:31:41,42.4308,130.6434,63.75,96,95,3.67,overcast clouds
605,Kieta,PG,2022-07-15 23:31:42,-6.2167,155.6333,84.79,65,75,6.11,broken clouds
606,Kropotkin,RU,2022-07-15 23:31:42,45.4375,40.5756,71.53,53,30,8.05,scattered clouds
607,Sulechow,PL,2022-07-15 23:31:42,52.0836,15.6251,56.71,71,99,5.93,overcast clouds
608,Mto Wa Mbu,TZ,2022-07-15 23:31:43,-3.35,35.85,64.17,82,92,3.62,overcast clouds
609,Toba,JP,2022-07-15 23:31:43,34.4833,136.85,77.0,91,100,12.95,light rain
610,Ban Tak,TH,2022-07-15 23:31:43,17.0432,99.0813,78.21,91,98,2.84,overcast clouds
611,Honningsvag,NO,2022-07-15 23:31:43,70.9821,25.9704,55.15,76,40,6.91,scattered clouds
612,Yichun,CN,2022-07-15 23:31:44,47.7,128.9,69.48,75,77,7.0,broken clouds
613,Dhidhdhoo,MV,2022-07-15 23:28:14,6.8833,73.1,81.75,79,71,9.57,broken clouds
614,Cascais,PT,2022-07-15 23:29:40,38.6979,-9.4215,73.51,65,12,14.0,few clouds
615,Sorada,IN,2022-07-15 23:31:44,19.75,84.4333,78.69,85,100,2.42,moderate rain
616,La Ronge,CA,2022-07-15 23:31:45,55.1001,-105.2842,86.25,21,20,9.22,few clouds
617,Lagdo,CM,2022-07-15 23:31:45,9.05,13.7333,72.3,95,100,3.6,light rain
618,San Felipe,VE,2022-07-15 23:31:45,10.3399,-68.7425,72.39,94,59,3.83,broken clouds
619,Harper,LR,2022-07-15 23:31:46,4.375,-7.7169,74.5,86,100,10.33,light rain
620,Kijang,KR,2022-07-15 23:31:46,35.2442,129.2139,80.33,63,2,0.47,clear sky
621,Komatsu,JP,2022-07-15 23:31:46,36.4026,136.4509,78.78,78,75,1.14,broken clouds
622,Hovd,MN,2022-07-15 23:31:47,48.0056,91.6419,60.91,35,2,2.19,clear sky
623,Yulara,AU,2022-07-15 23:29:47,-25.2406,130.9889,49.17,30,0,1.77,clear sky
624,Rorvik,NO,2022-07-15 23:31:47,64.8621,11.2373,51.71,76,100,20.54,overcast clouds
625,Puerto Escondido,MX,2022-07-15 23:31:47,15.85,-97.0667,85.03,70,75,5.75,broken clouds
626,Rio Claro,BR,2022-07-15 23:31:48,-22.4114,-47.5614,67.57,44,100,3.69,overcast clouds
627,Svetlogorsk,BY,2022-07-15 23:31:48,52.6333,29.7333,49.89,95,2,6.67,clear sky
628,Ust-Omchug,RU,2022-07-15 23:31:48,61.15,149.6333,75.87,54,30,7.07,scattered clouds
629,Ovalle,CL,2022-07-15 23:31:49,-30.5983,-71.2003,46.44,78,100,2.51,overcast clouds
630,Pandamatenga,BW,2022-07-15 23:31:49,-18.5278,25.627,56.61,40,1,9.93,clear sky
631,Adrar,MR,2022-07-15 23:31:49,20.5022,-10.0711,97.23,18,45,7.49,scattered clouds
632,Wum,CM,2022-07-15 23:31:50,6.3833,10.0667,64.56,97,100,2.08,light rain
633,Ak-Dovurak,RU,2022-07-15 23:31:50,51.1833,90.6,56.7,59,53,1.36,broken clouds
634,Bosaso,SO,2022-07-15 23:31:50,11.2842,49.1816,88.83,48,97,25.26,overcast clouds
635,Tanggu,CN,2022-07-15 23:31:50,39.0211,117.6469,87.76,66,83,6.6,broken clouds
636,Laguna,US,2022-07-15 23:28:28,38.421,-121.4238,104.09,22,0,6.91,clear sky
637,Saint-Augustin,CA,2022-07-15 23:31:51,51.226,-58.6502,60.13,75,49,11.14,scattered clouds
638,Newton,US,2022-07-15 23:27:11,42.337,-71.2092,81.64,48,20,11.5,few clouds
639,Fare,PF,2022-07-15 23:31:51,-16.7,-151.0167,76.89,67,43,21.09,scattered clouds
640,Dunedin,NZ,2022-07-15 23:28:20,-45.8742,170.5036,47.8,53,10,4.0,clear sky
641,Maniitsoq,GL,2022-07-15 23:31:52,65.4167,-52.9,39.81,85,99,8.34,overcast clouds
642,Dubbo,AU,2022-07-15 23:31:52,-32.25,148.6167,37.53,93,100,6.91,overcast clouds
643,Dryden,CA,2022-07-15 23:31:53,49.7833,-92.7503,84.49,39,0,12.66,clear sky
644,Necochea,AR,2022-07-15 23:30:07,-38.5473,-58.7368,49.24,95,99,14.12,overcast clouds
645,Sibu,MY,2022-07-15 23:31:53,2.3,111.8167,75.51,94,40,2.3,mist
646,Kopavogur,IS,2022-07-15 23:31:53,64.1123,-21.913,52.02,82,100,16.11,overcast clouds
647,Puro,PH,2022-07-15 23:31:54,12.4841,123.3827,83.43,76,73,1.32,broken clouds
648,Monte Alegre,BR,2022-07-15 23:31:54,-2.0078,-54.0692,76.21,88,100,4.09,overcast clouds
649,Bani Walid,LY,2022-07-15 23:31:54,31.7566,13.9942,71.91,62,0,5.46,clear sky
650,Ternate,ID,2022-07-15 23:31:55,0.8,127.4,77.74,87,99,10.42,overcast clouds
651,Nago,JP,2022-07-15 23:31:55,26.5881,127.9761,86.45,85,100,12.17,light rain
652,Cedar Lake,US,2022-07-15 23:31:55,41.3648,-87.4411,70.11,96,100,5.12,moderate rain
653,Kahta,TR,2022-07-15 23:31:56,37.7855,38.6237,78.17,40,0,1.16,clear sky
654,La Rioja,ES,2022-07-15 23:30:13,42.25,-2.5,69.58,28,33,7.23,scattered clouds
655,Fairbanks,US,2022-07-15 23:27:53,64.8378,-147.7164,72.09,40,100,9.22,overcast clouds
656,Nicoya,CR,2022-07-15 23:31:56,10.1483,-85.452,76.71,87,85,3.87,overcast clouds
657,Vrangel,RU,2022-07-15 23:31:56,42.7297,133.0839,64.38,96,100,18.28,overcast clouds
658,Tarifa,ES,2022-07-15 23:31:57,36.0139,-5.607,82.42,87,1,17.2,clear sky
659,Ippy,CF,2022-07-15 23:31:57,6.2679,21.2247,68.0,96,80,1.32,broken clouds
660,Srednekolymsk,RU,2022-07-15 23:31:57,67.45,153.6833,76.15,43,37,8.57,scattered clouds
661,Hami,CN,2022-07-15 23:31:58,42.8,93.45,80.6,9,34,12.53,scattered clouds
662,Miri,MY,2022-07-15 23:31:58,4.4148,114.0089,75.34,94,20,2.3,few clouds
663,Popondetta,PG,2022-07-15 23:31:58,-8.7537,148.2534,83.21,60,74,2.68,broken clouds
664,Kerman,IR,2022-07-15 23:31:59,30.2832,57.0788,75.06,14,0,13.8,clear sky
665,Planadas,CO,2022-07-15 23:31:59,3.197,-75.6451,77.43,89,67,3.31,broken clouds
666,Paamiut,GL,2022-07-15 23:31:59,61.994,-49.6678,39.92,83,99,2.77,overcast clouds
667,Olafsvik,IS,2022-07-15 23:32:00,64.8945,-23.7142,50.92,91,100,17.45,light rain
668,Sumenep,ID,2022-07-15 23:32:00,-7.0167,113.8667,81.03,79,61,9.91,broken clouds
669,Te Anau,NZ,2022-07-15 23:32:00,-45.4167,167.7167,39.13,80,43,1.72,scattered clouds
670,Ibra,OM,2022-07-15 23:32:01,22.6906,58.5334,87.96,52,100,4.18,overcast clouds
671,Hulan,CN,2022-07-15 23:32:01,45.9833,126.6,71.71,74,53,17.74,broken clouds
672,Ewa Beach,US,2022-07-15 23:32:01,21.3156,-158.0072,85.01,57,40,12.66,scattered clouds
673,Ketchikan,US,2022-07-15 23:32:02,55.3422,-131.6461,57.67,88,100,10.36,light rain
674,Amarante Do Maranhao,BR,2022-07-15 23:32:02,-5.5667,-46.7422,80.11,46,74,3.13,broken clouds
675,Durazno,UY,2022-07-15 23:32:03,-33.4131,-56.5006,54.25,98,97,9.71,overcast clouds
676,Acarau,BR,2022-07-15 23:32:03,-2.8856,-40.12,78.69,80,67,14.83,broken clouds
677,Santa Cruz De La Palma,ES,2022-07-15 23:32:04,28.6835,-17.7642,71.74,78,0,14.97,clear sky
678,Clarence Town,AU,2022-07-15 23:32:04,-32.5833,151.7833,54.86,65,90,3.65,overcast clouds
679,Wamba,NG,2022-07-15 23:32:04,8.9333,8.6,71.44,96,100,2.53,light rain
680,Kabwe,ZM,2022-07-15 23:32:05,-14.4469,28.4464,54.23,64,7,5.17,clear sky
681,Aviles,ES,2022-07-15 23:32:05,43.5547,-5.9248,73.18,84,0,2.3,clear sky
682,Acapulco,MX,2022-07-15 23:32:05,16.8634,-99.8901,85.82,70,100,11.5,overcast clouds
683,Shushtar,IR,2022-07-15 23:32:06,32.0455,48.8567,98.55,10,0,6.62,clear sky
684,Neuquen,AR,2022-07-15 23:32:06,-38.9516,-68.0591,42.69,81,75,2.3,broken clouds
685,Gravdal,NO,2022-07-15 23:32:06,68.1214,13.5031,50.79,83,100,8.01,overcast clouds
686,San Borja,BO,2022-07-15 23:32:07,-14.8167,-66.85,76.33,73,79,2.91,broken clouds
687,Sorrento,IT,2022-07-15 23:32:07,40.626,14.3744,76.57,93,0,0.0,clear sky
688,Roanoke,US,2022-07-15 23:31:16,37.271,-79.9414,85.41,63,20,6.91,few clouds
689,Roros,NO,2022-07-15 23:32:08,62.5747,11.3842,40.84,87,100,11.5,overcast clouds
690,Kutum,SD,2022-07-15 23:32:08,14.2,24.6667,70.84,73,97,12.57,overcast clouds
691,Colares,PT,2022-07-15 23:32:08,38.7992,-9.4469,72.34,64,11,14.0,few clouds
692,Bintulu,MY,2022-07-15 23:32:09,3.1667,113.0333,75.61,94,20,2.3,few clouds
693,Riyadh,SA,2022-07-15 23:32:07,24.6877,46.7219,91.54,12,63,10.94,broken clouds
694,Sainte-Marie,RE,2022-07-15 23:32:09,-20.8968,55.5496,68.13,73,75,11.5,broken clouds
695,Bay Roberts,CA,2022-07-15 23:32:10,47.5999,-53.2648,66.65,91,59,5.48,broken clouds
696,Grand-Santi,GF,2022-07-15 23:32:10,4.25,-54.3833,72.66,99,100,2.86,overcast clouds
697,Nizhniy Kuranakh,RU,2022-07-15 23:32:11,58.8353,125.4869,79.63,61,69,1.12,broken clouds
698,High Prairie,CA,2022-07-15 23:32:11,55.4334,-116.4858,77.63,49,89,5.03,overcast clouds
699,Maykor,RU,2022-07-15 23:32:11,59.0059,55.88,60.01,96,86,2.01,overcast clouds
700,Kampong Thum,KH,2022-07-15 23:32:12,12.7111,104.8887,77.88,91,64,6.53,broken clouds
701,Alekseyevka,RU,2022-07-15 23:32:12,50.6309,38.6903,64.22,72,35,6.73,scattered clouds
702,Ginda,IN,2022-07-15 23:32:12,30.6945,78.4932,64.67,74,9,5.5,clear sky
703,Beipiao,CN,2022-07-15 23:32:13,41.7919,120.7792,73.58,73,33,15.05,scattered clouds
704,Pangkalanbuun,ID,2022-07-15 23:32:13,-2.6833,111.6167,75.56,96,57,2.55,broken clouds
705,Freetown,SL,2022-07-15 23:32:14,8.484,-13.2299,76.69,86,100,6.82,light rain
706,Scarborough,GB,2022-07-15 23:30:05,54.2797,-0.4044,54.97,87,42,3.6,scattered clouds
707,Camacha,PT,2022-07-15 23:32:14,33.0833,-16.3333,65.62,77,75,10.36,broken clouds
708,Cairo,EG,2022-07-15 23:28:25,30.0626,31.2497,79.56,65,0,8.05,clear sky
709,Kjopsvik,NO,2022-07-15 23:32:14,68.097,16.3742,49.87,89,100,3.02,overcast clouds
710,Tommot,RU,2022-07-15 23:32:15,58.9564,126.2925,77.54,68,66,4.59,broken clouds
